name,id,accuracy,pp,power,priority,type,generation,short_descripton,damage_class,min_hits,max_hits
Pound,1,100.0,35,40.0,0,Normal,Generation I,Inflicts regular damage with no additional effect.,Physical,1,1
Karate Chop,2,100.0,25,50.0,0,Fighting,Generation I,Has an increased chance for a critical hit.,Physical,1,1
Double Slap,3,85.0,10,15.0,0,Normal,Generation I,Hits 2-5 times in one turn.,Physical,2,5
Comet Punch,4,85.0,15,18.0,0,Normal,Generation I,Hits 2-5 times in one turn.,Physical,2,5
Mega Punch,5,85.0,20,80.0,0,Normal,Generation I,Inflicts regular damage with no additional effect.,Physical,1,1
Pay Day,6,100.0,20,40.0,0,Normal,Generation I,Scatters money on the ground worth five times the user's level.,Physical,1,1
Fire Punch,7,100.0,15,75.0,0,Fire,Generation I,Has a $effect_chance% chance to burn the target.,Physical,1,1
Ice Punch,8,100.0,15,75.0,0,Ice,Generation I,Has a $effect_chance% chance to freeze the target.,Physical,1,1
Thunder Punch,9,100.0,15,75.0,0,Electric,Generation I,Has a $effect_chance% chance to paralyze the target.,Physical,1,1
Scratch,10,100.0,35,40.0,0,Normal,Generation I,Inflicts regular damage with no additional effect.,Physical,1,1
Vice Grip,11,100.0,30,55.0,0,Normal,Generation I,Inflicts regular damage with no additional effect.,Physical,1,1
Guillotine,12,30.0,5,,0,Normal,Generation I,Causes a one-hit KO.,Physical,1,1
Razor Wind,13,100.0,10,80.0,0,Normal,Generation I,Requires a turn to charge before attacking.,Special,1,1
Swords Dance,14,,20,,0,Normal,Generation I,Raises the user's Attack by two stages.,Status,1,1
Cut,15,95.0,30,50.0,0,Normal,Generation I,Inflicts regular damage with no additional effect.,Physical,1,1
Gust,16,100.0,35,40.0,0,Flying,Generation I,Inflicts regular damage and can hit Pokémon in the air.,Special,1,1
Wing Attack,17,100.0,35,60.0,0,Flying,Generation I,Inflicts regular damage with no additional effect.,Physical,1,1
Whirlwind,18,,20,,-6,Normal,Generation I,Immediately ends wild battles.  Forces trainers to switch Pokémon.,Status,1,1
Fly,19,95.0,15,90.0,0,Flying,Generation I,"User flies high into the air, dodging all attacks, and hits next turn.",Physical,1,1
Bind,20,85.0,20,15.0,0,Normal,Generation I,Prevents the target from fleeing and inflicts damage for 2-5 turns.,Physical,1,1
Slam,21,75.0,20,80.0,0,Normal,Generation I,Inflicts regular damage with no additional effect.,Physical,1,1
Vine Whip,22,100.0,25,45.0,0,Grass,Generation I,Inflicts regular damage with no additional effect.,Physical,1,1
Stomp,23,100.0,20,65.0,0,Normal,Generation I,Has a $effect_chance% chance to make the target flinch.,Physical,1,1
Double Kick,24,100.0,30,30.0,0,Fighting,Generation I,Hits twice in one turn.,Physical,2,2
Mega Kick,25,75.0,5,120.0,0,Normal,Generation I,Inflicts regular damage with no additional effect.,Physical,1,1
Jump Kick,26,95.0,10,100.0,0,Fighting,Generation I,"If the user misses, it takes half the damage it would have inflicted in recoil.",Physical,1,1
Rolling Kick,27,85.0,15,60.0,0,Fighting,Generation I,Has a $effect_chance% chance to make the target flinch.,Physical,1,1
Sand Attack,28,100.0,15,,0,Ground,Generation I,Lowers the target's accuracy by one stage.,Status,1,1
Headbutt,29,100.0,15,70.0,0,Normal,Generation I,Has a $effect_chance% chance to make the target flinch.,Physical,1,1
Horn Attack,30,100.0,25,65.0,0,Normal,Generation I,Inflicts regular damage with no additional effect.,Physical,1,1
Fury Attack,31,85.0,20,15.0,0,Normal,Generation I,Hits 2-5 times in one turn.,Physical,2,5
Horn Drill,32,30.0,5,,0,Normal,Generation I,Causes a one-hit KO.,Physical,1,1
Tackle,33,100.0,35,40.0,0,Normal,Generation I,Inflicts regular damage with no additional effect.,Physical,1,1
Body Slam,34,100.0,15,85.0,0,Normal,Generation I,Has a $effect_chance% chance to paralyze the target.,Physical,1,1
Wrap,35,90.0,20,15.0,0,Normal,Generation I,Prevents the target from fleeing and inflicts damage for 2-5 turns.,Physical,1,1
Take Down,36,85.0,20,90.0,0,Normal,Generation I,User receives 1/4 the damage it inflicts in recoil.,Physical,1,1
Thrash,37,100.0,10,120.0,0,Normal,Generation I,"Hits every turn for 2-3 turns, then confuses the user.",Physical,1,1
Double Edge,38,100.0,15,120.0,0,Normal,Generation I,User receives 1/3 the damage inflicted in recoil.,Physical,1,1
Tail Whip,39,100.0,30,,0,Normal,Generation I,Lowers the target's Defense by one stage.,Status,1,1
Poison Sting,40,100.0,35,15.0,0,Poison,Generation I,Has a $effect_chance% chance to poison the target.,Physical,1,1
Twineedle,41,100.0,20,25.0,0,Bug,Generation I,Hits twice in the same turn.  Has a $effect_chance% chance to poison the target.,Physical,2,2
Pin Missile,42,95.0,20,25.0,0,Bug,Generation I,Hits 2-5 times in one turn.,Physical,2,5
Leer,43,100.0,30,,0,Normal,Generation I,Lowers the target's Defense by one stage.,Status,1,1
Bite,44,100.0,25,60.0,0,Dark,Generation I,Has a $effect_chance% chance to make the target flinch.,Physical,1,1
Growl,45,100.0,40,,0,Normal,Generation I,Lowers the target's Attack by one stage.,Status,1,1
Roar,46,,20,,-6,Normal,Generation I,Immediately ends wild battles.  Forces trainers to switch Pokémon.,Status,1,1
Sing,47,55.0,15,,0,Normal,Generation I,Puts the target to sleep.,Status,1,1
Supersonic,48,55.0,20,,0,Normal,Generation I,Confuses the target.,Status,1,1
Sonic Boom,49,90.0,20,,0,Normal,Generation I,Inflicts 20 points of damage.,Special,1,1
Disable,50,100.0,20,,0,Normal,Generation I,Disables the target's last used move for 1-8 turns.,Status,1,1
Acid,51,100.0,30,40.0,0,Poison,Generation I,Has a $effect_chance% chance to lower the target's Special Defense by one stage.,Special,1,1
Ember,52,100.0,25,40.0,0,Fire,Generation I,Has a $effect_chance% chance to burn the target.,Special,1,1
Flamethrower,53,100.0,15,90.0,0,Fire,Generation I,Has a $effect_chance% chance to burn the target.,Special,1,1
Mist,54,,30,,0,Ice,Generation I,Protects the user's stats from being changed by enemy moves.,Status,1,1
Water Gun,55,100.0,25,40.0,0,Water,Generation I,Inflicts regular damage with no additional effect.,Special,1,1
Hydro Pump,56,80.0,5,110.0,0,Water,Generation I,Inflicts regular damage with no additional effect.,Special,1,1
Surf,57,100.0,15,90.0,0,Water,Generation I,Inflicts regular damage and can hit Dive users.,Special,1,1
Ice Beam,58,100.0,10,90.0,0,Ice,Generation I,Has a $effect_chance% chance to freeze the target.,Special,1,1
Blizzard,59,70.0,5,110.0,0,Ice,Generation I,Has a $effect_chance% chance to freeze the target.,Special,1,1
Psybeam,60,100.0,20,65.0,0,Psychic,Generation I,Has a $effect_chance% chance to confuse the target.,Special,1,1
Bubble Beam,61,100.0,20,65.0,0,Water,Generation I,Has a $effect_chance% chance to lower the target's Speed by one stage.,Special,1,1
Aurora Beam,62,100.0,20,65.0,0,Ice,Generation I,Has a $effect_chance% chance to lower the target's Attack by one stage.,Special,1,1
Hyper Beam,63,90.0,5,150.0,0,Normal,Generation I,User foregoes its next turn to recharge.,Special,1,1
Peck,64,100.0,35,35.0,0,Flying,Generation I,Inflicts regular damage with no additional effect.,Physical,1,1
Drill Peck,65,100.0,20,80.0,0,Flying,Generation I,Inflicts regular damage with no additional effect.,Physical,1,1
Submission,66,80.0,20,80.0,0,Fighting,Generation I,User receives 1/4 the damage it inflicts in recoil.,Physical,1,1
Low Kick,67,100.0,20,,0,Fighting,Generation I,"Inflicts more damage to heavier targets, with a maximum of 120 power.",Physical,1,1
Counter,68,100.0,20,,-5,Fighting,Generation I,Inflicts twice the damage the user received from the last physical hit it took.,Physical,1,1
Seismic Toss,69,100.0,20,,0,Fighting,Generation I,Inflicts damage equal to the user's level.,Physical,1,1
Strength,70,100.0,15,80.0,0,Normal,Generation I,Inflicts regular damage with no additional effect.,Physical,1,1
Absorb,71,100.0,25,20.0,0,Grass,Generation I,Drains half the damage inflicted to heal the user.,Special,1,1
Mega Drain,72,100.0,15,40.0,0,Grass,Generation I,Drains half the damage inflicted to heal the user.,Special,1,1
Leech Seed,73,90.0,10,,0,Grass,Generation I,"Seeds the target, stealing HP from it every turn.",Status,1,1
Growth,74,,20,,0,Normal,Generation I,Raises the user's Attack and Special Attack by one stage.,Status,1,1
Razor Leaf,75,95.0,25,55.0,0,Grass,Generation I,Has an increased chance for a critical hit.,Physical,1,1
Solar Beam,76,100.0,10,120.0,0,Grass,Generation I,Requires a turn to charge before attacking.,Special,1,1
Poison Powder,77,75.0,35,,0,Poison,Generation I,Poisons the target.,Status,1,1
Stun Spore,78,75.0,30,,0,Grass,Generation I,Paralyzes the target.,Status,1,1
Sleep Powder,79,75.0,15,,0,Grass,Generation I,Puts the target to sleep.,Status,1,1
Petal Dance,80,100.0,10,120.0,0,Grass,Generation I,"Hits every turn for 2-3 turns, then confuses the user.",Special,1,1
String Shot,81,95.0,40,,0,Bug,Generation I,Lowers the target's Speed by two stages.,Status,1,1
Dragon Rage,82,100.0,10,,0,Dragon,Generation I,Inflicts 40 points of damage.,Special,1,1
Fire Spin,83,85.0,15,35.0,0,Fire,Generation I,Prevents the target from fleeing and inflicts damage for 2-5 turns.,Special,1,1
Thunder Shock,84,100.0,30,40.0,0,Electric,Generation I,Has a $effect_chance% chance to paralyze the target.,Special,1,1
Thunderbolt,85,100.0,15,90.0,0,Electric,Generation I,Has a $effect_chance% chance to paralyze the target.,Special,1,1
Thunder Wave,86,90.0,20,,0,Electric,Generation I,Paralyzes the target.,Status,1,1
Thunder,87,70.0,10,110.0,0,Electric,Generation I,Has a $effect_chance% chance to paralyze the target.,Special,1,1
Rock Throw,88,90.0,15,50.0,0,Rock,Generation I,Inflicts regular damage with no additional effect.,Physical,1,1
Earthquake,89,100.0,10,100.0,0,Ground,Generation I,Inflicts regular damage and can hit Dig users.,Physical,1,1
Fissure,90,30.0,5,,0,Ground,Generation I,Causes a one-hit KO.,Physical,1,1
Dig,91,100.0,10,80.0,0,Ground,Generation I,"User digs underground, dodging all attacks, and hits next turn.",Physical,1,1
Toxic,92,90.0,10,,0,Poison,Generation I,"Badly poisons the target, inflicting more damage every turn.",Status,1,1
Confusion,93,100.0,25,50.0,0,Psychic,Generation I,Has a $effect_chance% chance to confuse the target.,Special,1,1
Psychic,94,100.0,10,90.0,0,Psychic,Generation I,Has a $effect_chance% chance to lower the target's Special Defense by one stage.,Special,1,1
Hypnosis,95,60.0,20,,0,Psychic,Generation I,Puts the target to sleep.,Status,1,1
Meditate,96,,40,,0,Psychic,Generation I,Raises the user's Attack by one stage.,Status,1,1
Agility,97,,30,,0,Psychic,Generation I,Raises the user's Speed by two stages.,Status,1,1
Quick Attack,98,100.0,30,40.0,1,Normal,Generation I,Inflicts regular damage with no additional effect.,Physical,1,1
Rage,99,100.0,20,20.0,0,Normal,Generation I,"If the user is hit after using this move, its Attack rises by one stage.",Physical,1,1
Teleport,100,,20,,-6,Psychic,Generation I,Immediately ends wild battles.  No effect otherwise.,Status,1,1
Night Shade,101,100.0,15,,0,Ghost,Generation I,Inflicts damage equal to the user's level.,Special,1,1
Mimic,102,,10,,0,Normal,Generation I,Copies the target's last used move.,Status,1,1
Screech,103,85.0,40,,0,Normal,Generation I,Lowers the target's Defense by two stages.,Status,1,1
Double Team,104,,15,,0,Normal,Generation I,Raises the user's evasion by one stage.,Status,1,1
Recover,105,,10,,0,Normal,Generation I,Heals the user by half its max HP.,Status,1,1
Harden,106,,30,,0,Normal,Generation I,Raises the user's Defense by one stage.,Status,1,1
Minimize,107,,10,,0,Normal,Generation I,Raises the user's evasion by two stages.,Status,1,1
Smokescreen,108,100.0,20,,0,Normal,Generation I,Lowers the target's accuracy by one stage.,Status,1,1
Confuse Ray,109,100.0,10,,0,Ghost,Generation I,Confuses the target.,Status,1,1
Withdraw,110,,40,,0,Water,Generation I,Raises the user's Defense by one stage.,Status,1,1
Defense Curl,111,,40,,0,Normal,Generation I,Raises user's Defense by one stage.,Status,1,1
Barrier,112,,20,,0,Psychic,Generation I,Raises the user's Defense by two stages.,Status,1,1
Light Screen,113,,30,,0,Psychic,Generation I,Reduces damage from special attacks by 50% for five turns.,Status,1,1
Haze,114,,30,,0,Ice,Generation I,"Resets all Pokémon's stats, accuracy, and evasion.",Status,1,1
Reflect,115,,20,,0,Psychic,Generation I,Reduces damage from physical attacks by half.,Status,1,1
Focus Energy,116,,30,,0,Normal,Generation I,Increases the user's chance to score a critical hit.,Status,1,1
Bide,117,,10,,1,Normal,Generation I,"User waits for two turns, then hits back for twice the damage it took.",Physical,1,1
Metronome,118,,10,,0,Normal,Generation I,Randomly selects and uses any move in the game.,Status,1,1
Mirror Move,119,,20,,0,Flying,Generation I,Uses the target's last used move.,Status,1,1
Self Destruct,120,100.0,5,200.0,0,Normal,Generation I,User faints.,Physical,1,1
Egg Bomb,121,75.0,10,100.0,0,Normal,Generation I,Inflicts regular damage with no additional effect.,Physical,1,1
Lick,122,100.0,30,30.0,0,Ghost,Generation I,Has a $effect_chance% chance to paralyze the target.,Physical,1,1
Smog,123,70.0,20,30.0,0,Poison,Generation I,Has a $effect_chance% chance to poison the target.,Special,1,1
Sludge,124,100.0,20,65.0,0,Poison,Generation I,Has a $effect_chance% chance to poison the target.,Special,1,1
Bone Club,125,85.0,20,65.0,0,Ground,Generation I,Has a $effect_chance% chance to make the target flinch.,Physical,1,1
Fire Blast,126,85.0,5,110.0,0,Fire,Generation I,Has a $effect_chance% chance to burn the target.,Special,1,1
Waterfall,127,100.0,15,80.0,0,Water,Generation I,Has a $effect_chance% chance to make the target flinch.,Physical,1,1
Clamp,128,85.0,15,35.0,0,Water,Generation I,Prevents the target from fleeing and inflicts damage for 2-5 turns.,Physical,1,1
Swift,129,,20,60.0,0,Normal,Generation I,Never misses.,Special,1,1
Skull Bash,130,100.0,10,130.0,0,Normal,Generation I,Raises the user's Defense by one stage.  User charges for one turn before attacking.,Physical,1,1
Spike Cannon,131,100.0,15,20.0,0,Normal,Generation I,Hits 2-5 times in one turn.,Physical,2,5
Constrict,132,100.0,35,10.0,0,Normal,Generation I,Has a $effect_chance% chance to lower the target's Speed by one stage.,Physical,1,1
Amnesia,133,,20,,0,Psychic,Generation I,Raises the user's Special Defense by two stages.,Status,1,1
Kinesis,134,80.0,15,,0,Psychic,Generation I,Lowers the target's accuracy by one stage.,Status,1,1
Soft Boiled,135,,10,,0,Normal,Generation I,Heals the user by half its max HP.,Status,1,1
High Jump Kick,136,90.0,10,130.0,0,Fighting,Generation I,"If the user misses, it takes half the damage it would have inflicted in recoil.",Physical,1,1
Glare,137,100.0,30,,0,Normal,Generation I,Paralyzes the target.,Status,1,1
Dream Eater,138,100.0,15,100.0,0,Psychic,Generation I,Only works on sleeping Pokémon.  Drains half the damage inflicted to heal the user.,Special,1,1
Poison Gas,139,90.0,40,,0,Poison,Generation I,Poisons the target.,Status,1,1
Barrage,140,85.0,20,15.0,0,Normal,Generation I,Hits 2-5 times in one turn.,Physical,2,5
Leech Life,141,100.0,10,80.0,0,Bug,Generation I,Drains half the damage inflicted to heal the user.,Physical,1,1
Lovely Kiss,142,75.0,10,,0,Normal,Generation I,Puts the target to sleep.,Status,1,1
Sky Attack,143,90.0,5,140.0,0,Flying,Generation I,User charges for one turn before attacking.  Has a $effect_chance% chance to make the target flinch.,Physical,1,1
Transform,144,,10,,0,Normal,Generation I,User becomes a copy of the target until it leaves battle.,Status,1,1
Bubble,145,100.0,30,40.0,0,Water,Generation I,Has a $effect_chance% chance to lower the target's Speed by one stage.,Special,1,1
Dizzy Punch,146,100.0,10,70.0,0,Normal,Generation I,Has a $effect_chance% chance to confuse the target.,Physical,1,1
Spore,147,100.0,15,,0,Grass,Generation I,Puts the target to sleep.,Status,1,1
Flash,148,100.0,20,,0,Normal,Generation I,Lowers the target's accuracy by one stage.,Status,1,1
Psywave,149,100.0,15,,0,Psychic,Generation I,Inflicts damage between 50% and 150% of the user's level.,Special,1,1
Splash,150,,40,,0,Normal,Generation I,Does nothing.,Status,1,1
Acid Armor,151,,20,,0,Poison,Generation I,Raises the user's Defense by two stages.,Status,1,1
Crabhammer,152,90.0,10,100.0,0,Water,Generation I,Has an increased chance for a critical hit.,Physical,1,1
Explosion,153,100.0,5,250.0,0,Normal,Generation I,User faints.,Physical,1,1
Fury Swipes,154,80.0,15,18.0,0,Normal,Generation I,Hits 2-5 times in one turn.,Physical,2,5
Bonemerang,155,90.0,10,50.0,0,Ground,Generation I,Hits twice in one turn.,Physical,2,2
Rest,156,,10,,0,Psychic,Generation I,"User sleeps for two turns, completely healing itself.",Status,1,1
Rock Slide,157,90.0,10,75.0,0,Rock,Generation I,Has a $effect_chance% chance to make the target flinch.,Physical,1,1
Hyper Fang,158,90.0,15,80.0,0,Normal,Generation I,Has a $effect_chance% chance to make the target flinch.,Physical,1,1
Sharpen,159,,30,,0,Normal,Generation I,Raises the user's Attack by one stage.,Status,1,1
Conversion,160,,30,,0,Normal,Generation I,User's type changes to the type of one of its moves at random.,Status,1,1
Tri Attack,161,100.0,10,80.0,0,Normal,Generation I,"Has a $effect_chance% chance to burn, freeze, or paralyze the target.",Special,1,1
Super Fang,162,90.0,10,,0,Normal,Generation I,Inflicts damage equal to half the target's HP.,Physical,1,1
Slash,163,100.0,20,70.0,0,Normal,Generation I,Has an increased chance for a critical hit.,Physical,1,1
Substitute,164,,10,,0,Normal,Generation I,"Transfers 1/4 of the user's max HP into a doll, protecting the user from further damage or status changes until it breaks.",Status,1,1
Struggle,165,,1,50.0,0,Normal,Generation I,User takes 1/4 its max HP in recoil.,Physical,1,1
Sketch,166,,1,,0,Normal,Generation Ii,Permanently becomes the target's last used move.,Status,1,1
Triple Kick,167,90.0,10,10.0,0,Fighting,Generation Ii,"Hits three times, increasing power by 100% with each successful hit.",Physical,1,3
Thief,168,100.0,25,60.0,0,Dark,Generation Ii,Takes the target's item.,Physical,1,1
Spider Web,169,,10,,0,Bug,Generation Ii,Prevents the target from leaving battle.,Status,1,1
Mind Reader,170,,5,,0,Normal,Generation Ii,Ensures that the user's next move will hit the target.,Status,1,1
Nightmare,171,100.0,15,,0,Ghost,Generation Ii,Target loses 1/4 its max HP every turn as long as it's asleep.,Status,1,1
Flame Wheel,172,100.0,25,60.0,0,Fire,Generation Ii,Has a $effect_chance% chance to burn the target.  Lets frozen Pokémon thaw themselves.,Physical,1,1
Snore,173,100.0,15,50.0,0,Normal,Generation Ii,Has a $effect_chance% chance to make the target flinch.  Only works if the user is sleeping.,Special,1,1
Curse,174,,10,,0,Ghost,Generation Ii,Ghosts pay half their max HP to hurt the target every turn.  Others decrease Speed but raise Attack and Defense.,Status,1,1
Flail,175,100.0,15,,0,Normal,Generation Ii,"Inflicts more damage when the user has less HP remaining, with a maximum of 200 power.",Physical,1,1
Conversion 2,176,,30,,0,Normal,Generation Ii,Changes the user's type to a random type either resistant or immune to the last move used against it.,Status,1,1
Aeroblast,177,95.0,5,100.0,0,Flying,Generation Ii,Has an increased chance for a critical hit.,Special,1,1
Cotton Spore,178,100.0,40,,0,Grass,Generation Ii,Lowers the target's Speed by two stages.,Status,1,1
Reversal,179,100.0,15,,0,Fighting,Generation Ii,"Inflicts more damage when the user has less HP remaining, with a maximum of 200 power.",Physical,1,1
Spite,180,100.0,10,,0,Ghost,Generation Ii,Lowers the PP of the target's last used move by 4.,Status,1,1
Powder Snow,181,100.0,25,40.0,0,Ice,Generation Ii,Has a $effect_chance% chance to freeze the target.,Special,1,1
Protect,182,,10,,4,Normal,Generation Ii,Prevents any moves from hitting the user this turn.,Status,1,1
Mach Punch,183,100.0,30,40.0,1,Fighting,Generation Ii,Inflicts regular damage with no additional effect.,Physical,1,1
Scary Face,184,100.0,10,,0,Normal,Generation Ii,Lowers the target's Speed by two stages.,Status,1,1
Feint Attack,185,,20,60.0,0,Dark,Generation Ii,Never misses.,Physical,1,1
Sweet Kiss,186,75.0,10,,0,Fairy,Generation Ii,Confuses the target.,Status,1,1
Belly Drum,187,,10,,0,Normal,Generation Ii,User pays half its max HP to max out its Attack.,Status,1,1
Sludge Bomb,188,100.0,10,90.0,0,Poison,Generation Ii,Has a $effect_chance% chance to poison the target.,Special,1,1
Mud Slap,189,100.0,10,20.0,0,Ground,Generation Ii,Has a $effect_chance% chance to lower the target's accuracy by one stage.,Special,1,1
Octazooka,190,85.0,10,65.0,0,Water,Generation Ii,Has a $effect_chance% chance to lower the target's accuracy by one stage.,Special,1,1
Spikes,191,,20,,0,Ground,Generation Ii,"Scatters Spikes, hurting opposing Pokémon that switch in.",Status,1,1
Zap Cannon,192,50.0,5,120.0,0,Electric,Generation Ii,Has a $effect_chance% chance to paralyze the target.,Special,1,1
Foresight,193,,40,,0,Normal,Generation Ii,"Forces the target to have no Evade, and allows it to be hit by Normal and Fighting moves even if it's a Ghost.",Status,1,1
Destiny Bond,194,,5,,0,Ghost,Generation Ii,"If the user faints this turn, the target automatically will, too.",Status,1,1
Perish Song,195,,5,,0,Normal,Generation Ii,User and target both faint after three turns.,Status,1,1
Icy Wind,196,95.0,15,55.0,0,Ice,Generation Ii,Has a $effect_chance% chance to lower the target's Speed by one stage.,Special,1,1
Detect,197,,5,,4,Fighting,Generation Ii,Prevents any moves from hitting the user this turn.,Status,1,1
Bone Rush,198,90.0,10,25.0,0,Ground,Generation Ii,Hits 2-5 times in one turn.,Physical,2,5
Lock On,199,,5,,0,Normal,Generation Ii,Ensures that the user's next move will hit the target.,Status,1,1
Outrage,200,100.0,10,120.0,0,Dragon,Generation Ii,"Hits every turn for 2-3 turns, then confuses the user.",Physical,1,1
Sandstorm,201,,10,,0,Rock,Generation Ii,Changes the weather to a sandstorm for five turns.,Status,1,1
Giga Drain,202,100.0,10,75.0,0,Grass,Generation Ii,Drains half the damage inflicted to heal the user.,Special,1,1
Endure,203,,10,,4,Normal,Generation Ii,Prevents the user's HP from lowering below 1 this turn.,Status,1,1
Charm,204,100.0,20,,0,Fairy,Generation Ii,Lowers the target's Attack by two stages.,Status,1,1
Rollout,205,90.0,20,30.0,0,Rock,Generation Ii,"Power doubles every turn this move is used in succession after the first, resetting after five turns.",Physical,1,1
False Swipe,206,100.0,40,40.0,0,Normal,Generation Ii,Cannot lower the target's HP below 1.,Physical,1,1
Swagger,207,85.0,15,,0,Normal,Generation Ii,Raises the target's Attack by two stages and confuses the target.,Status,1,1
Milk Drink,208,,10,,0,Normal,Generation Ii,Heals the user by half its max HP.,Status,1,1
Spark,209,100.0,20,65.0,0,Electric,Generation Ii,Has a $effect_chance% chance to paralyze the target.,Physical,1,1
Fury Cutter,210,95.0,20,40.0,0,Bug,Generation Ii,"Power doubles every turn this move is used in succession after the first, maxing out after five turns.",Physical,1,1
Steel Wing,211,90.0,25,70.0,0,Steel,Generation Ii,Has a $effect_chance% chance to raise the user's Defense by one stage.,Physical,1,1
Mean Look,212,,5,,0,Normal,Generation Ii,Prevents the target from leaving battle.,Status,1,1
Attract,213,100.0,15,,0,Normal,Generation Ii,"Target falls in love if it has the opposite gender, and has a 50% chance to refuse attacking the user.",Status,1,1
Sleep Talk,214,,10,,0,Normal,Generation Ii,Randomly uses one of the user's other three moves.  Only works if the user is sleeping.,Status,1,1
Heal Bell,215,,5,,0,Normal,Generation Ii,Cures the entire party of major status effects.,Status,1,1
Return,216,100.0,20,,0,Normal,Generation Ii,"Power increases with happiness, up to a maximum of 102.",Physical,1,1
Present,217,90.0,15,,0,Normal,Generation Ii,Randomly inflicts damage with power from 40 to 120 or heals the target for 1/4 its max HP.,Physical,1,1
Frustration,218,100.0,20,,0,Normal,Generation Ii,"Power increases as happiness decreases, up to a maximum of 102.",Physical,1,1
Safeguard,219,,25,,0,Normal,Generation Ii,Protects the user's field from major status ailments and confusion for five turns.,Status,1,1
Pain Split,220,,20,,0,Normal,Generation Ii,Sets the user's and targets's HP to the average of their current HP.,Status,1,1
Sacred Fire,221,95.0,5,100.0,0,Fire,Generation Ii,Has a $effect_chance% chance to burn the target.  Lets frozen Pokémon thaw themselves.,Physical,1,1
Magnitude,222,100.0,30,,0,Ground,Generation Ii,Power varies randomly from 10 to 150.,Physical,1,1
Dynamic Punch,223,50.0,5,100.0,0,Fighting,Generation Ii,Has a $effect_chance% chance to confuse the target.,Physical,1,1
Megahorn,224,85.0,10,120.0,0,Bug,Generation Ii,Inflicts regular damage with no additional effect.,Physical,1,1
Dragon Breath,225,100.0,20,60.0,0,Dragon,Generation Ii,Has a $effect_chance% chance to paralyze the target.,Special,1,1
Baton Pass,226,,40,,0,Normal,Generation Ii,Allows the trainer to switch out the user and pass effects along to its replacement.,Status,1,1
Encore,227,100.0,5,,0,Normal,Generation Ii,Forces the target to repeat its last used move every turn for 2 to 6 turns.,Status,1,1
Pursuit,228,100.0,20,40.0,0,Dark,Generation Ii,"Has double power against, and can hit, Pokémon attempting to switch out.",Physical,1,1
Rapid Spin,229,100.0,40,50.0,0,Normal,Generation Ii,"Frees the user from binding moves, removes Leech Seed, and blows away Spikes.",Physical,1,1
Sweet Scent,230,100.0,20,,0,Normal,Generation Ii,Lowers the target's evasion by one stage.,Status,1,1
Iron Tail,231,75.0,15,100.0,0,Steel,Generation Ii,Has a $effect_chance% chance to lower the target's Defense by one stage.,Physical,1,1
Metal Claw,232,95.0,35,50.0,0,Steel,Generation Ii,Has a $effect_chance% chance to raise the user's Attack by one stage.,Physical,1,1
Vital Throw,233,,10,70.0,-1,Fighting,Generation Ii,Never misses.,Physical,1,1
Morning Sun,234,,5,,0,Normal,Generation Ii,Heals the user by half its max HP.  Affected by weather.,Status,1,1
Synthesis,235,,5,,0,Grass,Generation Ii,Heals the user by half its max HP.  Affected by weather.,Status,1,1
Moonlight,236,,5,,0,Fairy,Generation Ii,Heals the user by half its max HP.  Affected by weather.,Status,1,1
Hidden Power,237,100.0,15,60.0,0,Normal,Generation Ii,Power and type depend upon user's IVs.  Power can range from 30 to 70.,Special,1,1
Cross Chop,238,80.0,5,100.0,0,Fighting,Generation Ii,Has an increased chance for a critical hit.,Physical,1,1
Twister,239,100.0,20,40.0,0,Dragon,Generation Ii,Has a $effect_chance% chance to make the target flinch.,Special,1,1
Rain Dance,240,,5,,0,Water,Generation Ii,Changes the weather to rain for five turns.,Status,1,1
Sunny Day,241,,5,,0,Fire,Generation Ii,Changes the weather to sunny for five turns.,Status,1,1
Crunch,242,100.0,15,80.0,0,Dark,Generation Ii,Has a $effect_chance% chance to lower the target's Defense by one stage.,Physical,1,1
Mirror Coat,243,100.0,20,,-5,Psychic,Generation Ii,Inflicts twice the damage the user received from the last special hit it took.,Special,1,1
Psych Up,244,,10,,0,Normal,Generation Ii,Discards the user's stat changes and copies the target's.,Status,1,1
Extreme Speed,245,100.0,5,80.0,2,Normal,Generation Ii,Inflicts regular damage with no additional effect.,Physical,1,1
Ancient Power,246,100.0,5,60.0,0,Rock,Generation Ii,Has a $effect_chance% chance to raise all of the user's stats by one stage.,Special,1,1
Shadow Ball,247,100.0,15,80.0,0,Ghost,Generation Ii,Has a $effect_chance% chance to lower the target's Special Defense by one stage.,Special,1,1
Future Sight,248,100.0,10,120.0,0,Psychic,Generation Ii,Hits the target two turns later.,Special,1,1
Rock Smash,249,100.0,15,40.0,0,Fighting,Generation Ii,Has a $effect_chance% chance to lower the target's Defense by one stage.,Physical,1,1
Whirlpool,250,85.0,15,35.0,0,Water,Generation Ii,Prevents the target from leaving battle and inflicts 1/16 its max HP in damage for 2-5 turns.,Special,1,1
Beat Up,251,100.0,10,,0,Dark,Generation Ii,Hits once for every conscious Pokémon the trainer has.,Physical,1,6
Fake Out,252,100.0,10,40.0,3,Normal,Generation Iii,Can only be used as the first move after the user enters battle.  Causes the target to flinch.,Physical,1,1
Uproar,253,100.0,10,90.0,0,Normal,Generation Iii,Forced to use this move for several turns.  Pokémon cannot fall asleep in that time.,Special,1,1
Stockpile,254,,20,,0,Normal,Generation Iii,Stores energy up to three times for use with Spit Up and Swallow.,Status,1,1
Spit Up,255,100.0,10,,0,Normal,Generation Iii,Power is 100 times the amount of energy Stockpiled.,Special,1,1
Swallow,256,,10,,0,Normal,Generation Iii,"Recovers 1/4 HP after one Stockpile, 1/2 HP after two Stockpiles, or full HP after three Stockpiles.",Status,1,1
Heat Wave,257,90.0,10,95.0,0,Fire,Generation Iii,Has a $effect_chance% chance to burn the target.,Special,1,1
Hail,258,,10,,0,Ice,Generation Iii,Changes the weather to a hailstorm for five turns.,Status,1,1
Torment,259,100.0,15,,0,Dark,Generation Iii,Prevents the target from using the same move twice in a row.,Status,1,1
Flatter,260,100.0,15,,0,Dark,Generation Iii,Raises the target's Special Attack by one stage and confuses the target.,Status,1,1
Will O Wisp,261,85.0,15,,0,Fire,Generation Iii,Burns the target.,Status,1,1
Memento,262,100.0,10,,0,Dark,Generation Iii,Lowers the target's Attack and Special Attack by two stages.  User faints.,Status,1,1
Facade,263,100.0,20,70.0,0,Normal,Generation Iii,"Power doubles if user is burned, paralyzed, or poisoned.",Physical,1,1
Focus Punch,264,100.0,20,150.0,-3,Fighting,Generation Iii,"If the user takes damage before attacking, the attack is canceled.",Physical,1,1
Smelling Salts,265,100.0,10,70.0,0,Normal,Generation Iii,"If the target is paralyzed, inflicts double damage and cures the paralysis.",Physical,1,1
Follow Me,266,,20,,2,Normal,Generation Iii,Redirects the target's single-target effects to the user for this turn.,Status,1,1
Nature Power,267,,20,,0,Normal,Generation Iii,Uses a move which depends upon the terrain.,Status,1,1
Charge,268,,20,,0,Electric,Generation Iii,Raises the user's Special Defense by one stage.  User's Electric moves have doubled power next turn.,Status,1,1
Taunt,269,100.0,20,,0,Dark,Generation Iii,"For the next few turns, the target can only use damaging moves.",Status,1,1
Helping Hand,270,,20,,5,Normal,Generation Iii,Ally's next move inflicts half more damage.,Status,1,1
Trick,271,100.0,10,,0,Psychic,Generation Iii,User and target swap items.,Status,1,1
Role Play,272,,10,,0,Psychic,Generation Iii,Copies the target's ability.,Status,1,1
Wish,273,,10,,0,Normal,Generation Iii,User will recover half its max HP at the end of the next turn.,Status,1,1
Assist,274,,20,,0,Normal,Generation Iii,Randomly selects and uses one of the trainer's other Pokémon's moves.,Status,1,1
Ingrain,275,,20,,0,Grass,Generation Iii,Prevents the user from leaving battle.  User regains 1/16 of its max HP every turn.,Status,1,1
Superpower,276,100.0,5,120.0,0,Fighting,Generation Iii,Lowers the user's Attack and Defense by one stage after inflicting damage.,Physical,1,1
Magic Coat,277,,15,,4,Psychic,Generation Iii,Reflects back the first effect move used on the user this turn.,Status,1,1
Recycle,278,,10,,0,Normal,Generation Iii,User recovers the item it last used up.,Status,1,1
Revenge,279,100.0,10,60.0,-4,Fighting,Generation Iii,Inflicts double damage if the user takes damage before attacking this turn.,Physical,1,1
Brick Break,280,100.0,15,75.0,0,Fighting,Generation Iii,Destroys Reflect and Light Screen.,Physical,1,1
Yawn,281,,10,,0,Normal,Generation Iii,Target sleeps at the end of the next turn.,Status,1,1
Knock Off,282,100.0,20,65.0,0,Dark,Generation Iii,Target drops its held item.,Physical,1,1
Endeavor,283,100.0,5,,0,Normal,Generation Iii,Lowers the target's HP to equal the user's.,Physical,1,1
Eruption,284,100.0,5,150.0,0,Fire,Generation Iii,"Inflicts more damage when the user has more HP remaining, with a maximum of 150 power.",Special,1,1
Skill Swap,285,,10,,0,Psychic,Generation Iii,User and target swap abilities.,Status,1,1
Imprison,286,,10,,0,Psychic,Generation Iii,Prevents the target from using any moves that the user also knows.,Status,1,1
Refresh,287,,20,,0,Normal,Generation Iii,"Cleanses the user of a burn, paralysis, or poison.",Status,1,1
Grudge,288,,5,,0,Ghost,Generation Iii,"If the user faints this turn, the PP of the move that fainted it drops to 0.",Status,1,1
Snatch,289,,10,,4,Dark,Generation Iii,"Steals the target's move, if it's self-targeted.",Status,1,1
Secret Power,290,100.0,20,70.0,0,Normal,Generation Iii,Has a $effect_chance% chance to inflict a status effect which depends upon the terrain.,Physical,1,1
Dive,291,100.0,10,80.0,0,Water,Generation Iii,"User dives underwater, dodging all attacks, and hits next turn.",Physical,1,1
Arm Thrust,292,100.0,20,15.0,0,Fighting,Generation Iii,Hits 2-5 times in one turn.,Physical,2,5
Camouflage,293,,20,,0,Normal,Generation Iii,User's type changes to match the terrain.,Status,1,1
Tail Glow,294,,20,,0,Bug,Generation Iii,Raises the user's Special Attack by three stages.,Status,1,1
Luster Purge,295,100.0,5,70.0,0,Psychic,Generation Iii,Has a $effect_chance% chance to lower the target's Special Defense by one stage.,Special,1,1
Mist Ball,296,100.0,5,70.0,0,Psychic,Generation Iii,Has a $effect_chance% chance to lower the target's Special Attack by one stage.,Special,1,1
Feather Dance,297,100.0,15,,0,Flying,Generation Iii,Lowers the target's Attack by two stages.,Status,1,1
Teeter Dance,298,100.0,20,,0,Normal,Generation Iii,Confuses the target.,Status,1,1
Blaze Kick,299,90.0,10,85.0,0,Fire,Generation Iii,Has an increased chance for a critical hit and a $effect_chance% chance to burn the target.,Physical,1,1
Mud Sport,300,,15,,0,Ground,Generation Iii,Halves all Electric-type damage.,Status,1,1
Ice Ball,301,90.0,20,30.0,0,Ice,Generation Iii,"Power doubles every turn this move is used in succession after the first, resetting after five turns.",Physical,1,1
Needle Arm,302,100.0,15,60.0,0,Grass,Generation Iii,Has a $effect_chance% chance to make the target flinch.,Physical,1,1
Slack Off,303,,10,,0,Normal,Generation Iii,Heals the user by half its max HP.,Status,1,1
Hyper Voice,304,100.0,10,90.0,0,Normal,Generation Iii,Inflicts regular damage with no additional effect.,Special,1,1
Poison Fang,305,100.0,15,50.0,0,Poison,Generation Iii,Has a $effect_chance% chance to badly poison the target.,Physical,1,1
Crush Claw,306,95.0,10,75.0,0,Normal,Generation Iii,Has a $effect_chance% chance to lower the target's Defense by one stage.,Physical,1,1
Blast Burn,307,90.0,5,150.0,0,Fire,Generation Iii,User foregoes its next turn to recharge.,Special,1,1
Hydro Cannon,308,90.0,5,150.0,0,Water,Generation Iii,User foregoes its next turn to recharge.,Special,1,1
Meteor Mash,309,90.0,10,90.0,0,Steel,Generation Iii,Has a $effect_chance% chance to raise the user's Attack by one stage.,Physical,1,1
Astonish,310,100.0,15,30.0,0,Ghost,Generation Iii,Has a $effect_chance% chance to make the target flinch.,Physical,1,1
Weather Ball,311,100.0,10,50.0,0,Normal,Generation Iii,"If there be weather, this move has doubled power and the weather's type.",Special,1,1
Aromatherapy,312,,5,,0,Grass,Generation Iii,Cures the entire party of major status effects.,Status,1,1
Fake Tears,313,100.0,20,,0,Dark,Generation Iii,Lowers the target's Special Defense by two stages.,Status,1,1
Air Cutter,314,95.0,25,60.0,0,Flying,Generation Iii,Has an increased chance for a critical hit.,Special,1,1
Overheat,315,90.0,5,130.0,0,Fire,Generation Iii,Lowers the user's Special Attack by two stages after inflicting damage.,Special,1,1
Odor Sleuth,316,,40,,0,Normal,Generation Iii,"Forces the target to have no Evade, and allows it to be hit by Normal and Fighting moves even if it's a Ghost.",Status,1,1
Rock Tomb,317,95.0,15,60.0,0,Rock,Generation Iii,Has a $effect_chance% chance to lower the target's Speed by one stage.,Physical,1,1
Silver Wind,318,100.0,5,60.0,0,Bug,Generation Iii,Has a $effect_chance% chance to raise all of the user's stats by one stage.,Special,1,1
Metal Sound,319,85.0,40,,0,Steel,Generation Iii,Lowers the target's Special Defense by two stages.,Status,1,1
Grass Whistle,320,55.0,15,,0,Grass,Generation Iii,Puts the target to sleep.,Status,1,1
Tickle,321,100.0,20,,0,Normal,Generation Iii,Lowers the target's Attack and Defense by one stage.,Status,1,1
Cosmic Power,322,,20,,0,Psychic,Generation Iii,Raises the user's Defense and Special Defense by one stage.,Status,1,1
Water Spout,323,100.0,5,150.0,0,Water,Generation Iii,"Inflicts more damage when the user has more HP remaining, with a maximum of 150 power.",Special,1,1
Signal Beam,324,100.0,15,75.0,0,Bug,Generation Iii,Has a $effect_chance% chance to confuse the target.,Special,1,1
Shadow Punch,325,,20,60.0,0,Ghost,Generation Iii,Never misses.,Physical,1,1
Extrasensory,326,100.0,20,80.0,0,Psychic,Generation Iii,Has a $effect_chance% chance to make the target flinch.,Special,1,1
Sky Uppercut,327,90.0,15,85.0,0,Fighting,Generation Iii,Inflicts regular damage and can hit Bounce and Fly users.,Physical,1,1
Sand Tomb,328,85.0,15,35.0,0,Ground,Generation Iii,Prevents the target from fleeing and inflicts damage for 2-5 turns.,Physical,1,1
Sheer Cold,329,30.0,5,,0,Ice,Generation Iii,Causes a one-hit KO.,Special,1,1
Muddy Water,330,85.0,10,90.0,0,Water,Generation Iii,Has a $effect_chance% chance to lower the target's accuracy by one stage.,Special,1,1
Bullet Seed,331,100.0,30,25.0,0,Grass,Generation Iii,Hits 2-5 times in one turn.,Physical,2,5
Aerial Ace,332,,20,60.0,0,Flying,Generation Iii,Never misses.,Physical,1,1
Icicle Spear,333,100.0,30,25.0,0,Ice,Generation Iii,Hits 2-5 times in one turn.,Physical,2,5
Iron Defense,334,,15,,0,Steel,Generation Iii,Raises the user's Defense by two stages.,Status,1,1
Block,335,,5,,0,Normal,Generation Iii,Prevents the target from leaving battle.,Status,1,1
Howl,336,,40,,0,Normal,Generation Iii,Raises the user's Attack by one stage.,Status,1,1
Dragon Claw,337,100.0,15,80.0,0,Dragon,Generation Iii,Inflicts regular damage with no additional effect.,Physical,1,1
Frenzy Plant,338,90.0,5,150.0,0,Grass,Generation Iii,User foregoes its next turn to recharge.,Special,1,1
Bulk Up,339,,20,,0,Fighting,Generation Iii,Raises the user's Attack and Defense by one stage.,Status,1,1
Bounce,340,85.0,5,85.0,0,Flying,Generation Iii,"User bounces high into the air, dodging all attacks, and hits next turn.",Physical,1,1
Mud Shot,341,95.0,15,55.0,0,Ground,Generation Iii,Has a $effect_chance% chance to lower the target's Speed by one stage.,Special,1,1
Poison Tail,342,100.0,25,50.0,0,Poison,Generation Iii,Has an increased chance for a critical hit and a $effect_chance% chance to poison the target.,Physical,1,1
Covet,343,100.0,25,60.0,0,Normal,Generation Iii,Takes the target's item.,Physical,1,1
Volt Tackle,344,100.0,15,120.0,0,Electric,Generation Iii,User takes 1/3 the damage inflicted in recoil.  Has a $effect_chance% chance to paralyze the target.,Physical,1,1
Magical Leaf,345,,20,60.0,0,Grass,Generation Iii,Never misses.,Special,1,1
Water Sport,346,,15,,0,Water,Generation Iii,Halves all Fire-type damage.,Status,1,1
Calm Mind,347,,20,,0,Psychic,Generation Iii,Raises the user's Special Attack and Special Defense by one stage.,Status,1,1
Leaf Blade,348,100.0,15,90.0,0,Grass,Generation Iii,Has an increased chance for a critical hit.,Physical,1,1
Dragon Dance,349,,20,,0,Dragon,Generation Iii,Raises the user's Attack and Speed by one stage.,Status,1,1
Rock Blast,350,90.0,10,25.0,0,Rock,Generation Iii,Hits 2-5 times in one turn.,Physical,2,5
Shock Wave,351,,20,60.0,0,Electric,Generation Iii,Never misses.,Special,1,1
Water Pulse,352,100.0,20,60.0,0,Water,Generation Iii,Has a $effect_chance% chance to confuse the target.,Special,1,1
Doom Desire,353,100.0,5,140.0,0,Steel,Generation Iii,Hits the target two turns later.,Special,1,1
Psycho Boost,354,90.0,5,140.0,0,Psychic,Generation Iii,Lowers the user's Special Attack by two stages after inflicting damage.,Special,1,1
Roost,355,,10,,0,Flying,Generation Iv,Heals the user by half its max HP.,Status,1,1
Gravity,356,,5,,0,Psychic,Generation Iv,Disables moves and immunities that involve flying or levitating for five turns.,Status,1,1
Miracle Eye,357,,40,,0,Psychic,Generation Iv,"Forces the target to have no evasion, and allows it to be hit by Psychic moves even if it's Dark.",Status,1,1
Wake Up Slap,358,100.0,10,70.0,0,Fighting,Generation Iv,"If the target is asleep, has double power and wakes it up.",Physical,1,1
Hammer Arm,359,90.0,10,100.0,0,Fighting,Generation Iv,Lowers user's Speed by one stage.,Physical,1,1
Gyro Ball,360,100.0,5,,0,Steel,Generation Iv,"Power raises when the user has lower Speed, up to a maximum of 150.",Physical,1,1
Healing Wish,361,,10,,0,Psychic,Generation Iv,User faints.  Its replacement has its HP fully restored and any major status effect removed.,Status,1,1
Brine,362,100.0,10,65.0,0,Water,Generation Iv,Has double power against Pokémon that have less than half their max HP remaining.,Special,1,1
Natural Gift,363,100.0,15,,0,Normal,Generation Iv,Power and type depend on the held berry.,Physical,1,1
Feint,364,100.0,10,30.0,2,Normal,Generation Iv,Hits through Protect and Detect.,Physical,1,1
Pluck,365,100.0,20,60.0,0,Flying,Generation Iv,"If target has a berry, inflicts double damage and uses the berry.",Physical,1,1
Tailwind,366,,15,,0,Flying,Generation Iv,"For three turns, friendly Pokémon have doubled Speed.",Status,1,1
Acupressure,367,,30,,0,Normal,Generation Iv,Raises one of a friendly Pokémon's stats at random by two stages.,Status,1,1
Metal Burst,368,100.0,10,,0,Steel,Generation Iv,Strikes back at the last Pokémon to hit the user this turn with 1.5× the damage.,Physical,1,1
U Turn,369,100.0,20,70.0,0,Bug,Generation Iv,User must switch out after attacking.,Physical,1,1
Close Combat,370,100.0,5,120.0,0,Fighting,Generation Iv,Lowers the user's Defense and Special Defense by one stage after inflicting damage.,Physical,1,1
Payback,371,100.0,10,50.0,0,Dark,Generation Iv,Power is doubled if the target has already moved this turn.,Physical,1,1
Assurance,372,100.0,10,60.0,0,Dark,Generation Iv,Power is doubled if the target has already received damage this turn.,Physical,1,1
Embargo,373,100.0,15,,0,Dark,Generation Iv,Target cannot use held items.,Status,1,1
Fling,374,100.0,10,,0,Dark,Generation Iv,Throws held item at the target; power depends on the item.,Physical,1,1
Psycho Shift,375,100.0,10,,0,Psychic,Generation Iv,Transfers the user's major status effect to the target.,Status,1,1
Trump Card,376,,5,,0,Normal,Generation Iv,"Power increases when this move has less PP, up to a maximum of 200.",Special,1,1
Heal Block,377,100.0,15,,0,Psychic,Generation Iv,Prevents target from restoring its HP for five turns.,Status,1,1
Wring Out,378,100.0,5,,0,Normal,Generation Iv,"Power increases against targets with more HP remaining, up to a maximum of 121 power.",Special,1,1
Power Trick,379,,10,,0,Psychic,Generation Iv,User swaps Attack and Defense.,Status,1,1
Gastro Acid,380,100.0,10,,0,Poison,Generation Iv,Nullifies target's ability until it leaves battle.,Status,1,1
Lucky Chant,381,,30,,0,Normal,Generation Iv,Prevents the target from scoring critical hits for five turns.,Status,1,1
Me First,382,,20,,0,Normal,Generation Iv,"Uses the target's move against it before it attacks, with power increased by half.",Status,1,1
Copycat,383,,20,,0,Normal,Generation Iv,Uses the target's last used move.,Status,1,1
Power Swap,384,,10,,0,Psychic,Generation Iv,User swaps Attack and Special Attack changes with the target.,Status,1,1
Guard Swap,385,,10,,0,Psychic,Generation Iv,User swaps Defense and Special Defense changes with the target.,Status,1,1
Punishment,386,100.0,5,,0,Dark,Generation Iv,"Power increases against targets with more raised stats, up to a maximum of 200.",Physical,1,1
Last Resort,387,100.0,5,140.0,0,Normal,Generation Iv,Can only be used after all of the user's other moves have been used.,Physical,1,1
Worry Seed,388,100.0,10,,0,Grass,Generation Iv,Changes the target's ability to Insomnia.,Status,1,1
Sucker Punch,389,100.0,5,70.0,1,Dark,Generation Iv,Only works if the target is about to use a damaging move.,Physical,1,1
Toxic Spikes,390,,20,,0,Poison,Generation Iv,"Scatters poisoned spikes, poisoning opposing Pokémon that switch in.",Status,1,1
Heart Swap,391,,10,,0,Psychic,Generation Iv,User and target swap stat changes.,Status,1,1
Aqua Ring,392,,20,,0,Water,Generation Iv,Restores 1/16 of the user's max HP each turn.,Status,1,1
Magnet Rise,393,,10,,0,Electric,Generation Iv,User is immune to Ground moves and effects for five turns.,Status,1,1
Flare Blitz,394,100.0,15,120.0,0,Fire,Generation Iv,User takes 1/3 the damage inflicted in recoil.  Has a $effect_chance% chance to burn the target.,Physical,1,1
Force Palm,395,100.0,10,60.0,0,Fighting,Generation Iv,Has a $effect_chance% chance to paralyze the target.,Physical,1,1
Aura Sphere,396,,20,80.0,0,Fighting,Generation Iv,Never misses.,Special,1,1
Rock Polish,397,,20,,0,Rock,Generation Iv,Raises the user's Speed by two stages.,Status,1,1
Poison Jab,398,100.0,20,80.0,0,Poison,Generation Iv,Has a $effect_chance% chance to poison the target.,Physical,1,1
Dark Pulse,399,100.0,15,80.0,0,Dark,Generation Iv,Has a $effect_chance% chance to make the target flinch.,Special,1,1
Night Slash,400,100.0,15,70.0,0,Dark,Generation Iv,Has an increased chance for a critical hit.,Physical,1,1
Aqua Tail,401,90.0,10,90.0,0,Water,Generation Iv,Inflicts regular damage with no additional effect.,Physical,1,1
Seed Bomb,402,100.0,15,80.0,0,Grass,Generation Iv,Inflicts regular damage with no additional effect.,Physical,1,1
Air Slash,403,95.0,15,75.0,0,Flying,Generation Iv,Has a $effect_chance% chance to make the target flinch.,Special,1,1
X Scissor,404,100.0,15,80.0,0,Bug,Generation Iv,Inflicts regular damage with no additional effect.,Physical,1,1
Bug Buzz,405,100.0,10,90.0,0,Bug,Generation Iv,Has a $effect_chance% chance to lower the target's Special Defense by one stage.,Special,1,1
Dragon Pulse,406,100.0,10,85.0,0,Dragon,Generation Iv,Inflicts regular damage with no additional effect.,Special,1,1
Dragon Rush,407,75.0,10,100.0,0,Dragon,Generation Iv,Has a $effect_chance% chance to make the target flinch.,Physical,1,1
Power Gem,408,100.0,20,80.0,0,Rock,Generation Iv,Inflicts regular damage with no additional effect.,Special,1,1
Drain Punch,409,100.0,10,75.0,0,Fighting,Generation Iv,Drains half the damage inflicted to heal the user.,Physical,1,1
Vacuum Wave,410,100.0,30,40.0,1,Fighting,Generation Iv,Inflicts regular damage with no additional effect.,Special,1,1
Focus Blast,411,70.0,5,120.0,0,Fighting,Generation Iv,Has a $effect_chance% chance to lower the target's Special Defense by one stage.,Special,1,1
Energy Ball,412,100.0,10,90.0,0,Grass,Generation Iv,Has a $effect_chance% chance to lower the target's Special Defense by one stage.,Special,1,1
Brave Bird,413,100.0,15,120.0,0,Flying,Generation Iv,User receives 1/3 the damage inflicted in recoil.,Physical,1,1
Earth Power,414,100.0,10,90.0,0,Ground,Generation Iv,Has a $effect_chance% chance to lower the target's Special Defense by one stage.,Special,1,1
Switcheroo,415,100.0,10,,0,Dark,Generation Iv,User and target swap items.,Status,1,1
Giga Impact,416,90.0,5,150.0,0,Normal,Generation Iv,User foregoes its next turn to recharge.,Physical,1,1
Nasty Plot,417,,20,,0,Dark,Generation Iv,Raises the user's Special Attack by two stages.,Status,1,1
Bullet Punch,418,100.0,30,40.0,1,Steel,Generation Iv,Inflicts regular damage with no additional effect.,Physical,1,1
Avalanche,419,100.0,10,60.0,-4,Ice,Generation Iv,Inflicts double damage if the user takes damage before attacking this turn.,Physical,1,1
Ice Shard,420,100.0,30,40.0,1,Ice,Generation Iv,Inflicts regular damage with no additional effect.,Physical,1,1
Shadow Claw,421,100.0,15,70.0,0,Ghost,Generation Iv,Has an increased chance for a critical hit.,Physical,1,1
Thunder Fang,422,95.0,15,65.0,0,Electric,Generation Iv,Has a $effect_chance% chance to paralyze the target and a $effect_chance% chance to make the target flinch.,Physical,1,1
Ice Fang,423,95.0,15,65.0,0,Ice,Generation Iv,Has a $effect_chance% chance to freeze the target and a $effect_chance% chance to make the target flinch.,Physical,1,1
Fire Fang,424,95.0,15,65.0,0,Fire,Generation Iv,Has a $effect_chance% chance to burn the target and a $effect_chance% chance to make the target flinch.,Physical,1,1
Shadow Sneak,425,100.0,30,40.0,1,Ghost,Generation Iv,Inflicts regular damage with no additional effect.,Physical,1,1
Mud Bomb,426,85.0,10,65.0,0,Ground,Generation Iv,Has a $effect_chance% chance to lower the target's accuracy by one stage.,Special,1,1
Psycho Cut,427,100.0,20,70.0,0,Psychic,Generation Iv,Has an increased chance for a critical hit.,Physical,1,1
Zen Headbutt,428,90.0,15,80.0,0,Psychic,Generation Iv,Has a $effect_chance% chance to make the target flinch.,Physical,1,1
Mirror Shot,429,85.0,10,65.0,0,Steel,Generation Iv,Has a $effect_chance% chance to lower the target's accuracy by one stage.,Special,1,1
Flash Cannon,430,100.0,10,80.0,0,Steel,Generation Iv,Has a $effect_chance% chance to lower the target's Special Defense by one stage.,Special,1,1
Rock Climb,431,85.0,20,90.0,0,Normal,Generation Iv,Has a $effect_chance% chance to confuse the target.,Physical,1,1
Defog,432,,15,,0,Flying,Generation Iv,Lowers the target's evasion by one stage.  Removes field effects from the enemy field.,Status,1,1
Trick Room,433,,5,,-7,Psychic,Generation Iv,"For five turns, slower Pokémon will act before faster Pokémon.",Status,1,1
Draco Meteor,434,90.0,5,130.0,0,Dragon,Generation Iv,Lowers the user's Special Attack by two stages after inflicting damage.,Special,1,1
Discharge,435,100.0,15,80.0,0,Electric,Generation Iv,Has a $effect_chance% chance to paralyze the target.,Special,1,1
Lava Plume,436,100.0,15,80.0,0,Fire,Generation Iv,Has a $effect_chance% chance to burn the target.,Special,1,1
Leaf Storm,437,90.0,5,130.0,0,Grass,Generation Iv,Lowers the user's Special Attack by two stages after inflicting damage.,Special,1,1
Power Whip,438,85.0,10,120.0,0,Grass,Generation Iv,Inflicts regular damage with no additional effect.,Physical,1,1
Rock Wrecker,439,90.0,5,150.0,0,Rock,Generation Iv,User foregoes its next turn to recharge.,Physical,1,1
Cross Poison,440,100.0,20,70.0,0,Poison,Generation Iv,Has an increased chance for a critical hit and a $effect_chance% chance to poison the target.,Physical,1,1
Gunk Shot,441,80.0,5,120.0,0,Poison,Generation Iv,Has a $effect_chance% chance to poison the target.,Physical,1,1
Iron Head,442,100.0,15,80.0,0,Steel,Generation Iv,Has a $effect_chance% chance to make the target flinch.,Physical,1,1
Magnet Bomb,443,,20,60.0,0,Steel,Generation Iv,Never misses.,Physical,1,1
Stone Edge,444,80.0,5,100.0,0,Rock,Generation Iv,Has an increased chance for a critical hit.,Physical,1,1
Captivate,445,100.0,20,,0,Normal,Generation Iv,Lowers the target's Special Attack by two stages if it's the opposite gender.,Status,1,1
Stealth Rock,446,,20,,0,Rock,Generation Iv,Causes damage when opposing Pokémon switch in.,Status,1,1
Grass Knot,447,100.0,20,,0,Grass,Generation Iv,"Inflicts more damage to heavier targets, with a maximum of 120 power.",Special,1,1
Chatter,448,100.0,20,65.0,0,Flying,Generation Iv,Has a higher chance to confuse the target when the recorded sound is louder.,Special,1,1
Judgment,449,100.0,10,100.0,0,Normal,Generation Iv,"If the user is holding a appropriate plate or drive, the damage inflicted will match it.",Special,1,1
Bug Bite,450,100.0,20,60.0,0,Bug,Generation Iv,"If target has a berry, inflicts double damage and uses the berry.",Physical,1,1
Charge Beam,451,90.0,10,50.0,0,Electric,Generation Iv,Has a $effect_chance% chance to raise the user's Special Attack by one stage.,Special,1,1
Wood Hammer,452,100.0,15,120.0,0,Grass,Generation Iv,User receives 1/3 the damage inflicted in recoil.,Physical,1,1
Aqua Jet,453,100.0,20,40.0,1,Water,Generation Iv,Inflicts regular damage with no additional effect.,Physical,1,1
Attack Order,454,100.0,15,90.0,0,Bug,Generation Iv,Has an increased chance for a critical hit.,Physical,1,1
Defend Order,455,,10,,0,Bug,Generation Iv,Raises the user's Defense and Special Defense by one stage.,Status,1,1
Heal Order,456,,10,,0,Bug,Generation Iv,Heals the user by half its max HP.,Status,1,1
Head Smash,457,80.0,5,150.0,0,Rock,Generation Iv,User receives 1/2 the damage inflicted in recoil.,Physical,1,1
Double Hit,458,90.0,10,35.0,0,Normal,Generation Iv,Hits twice in one turn.,Physical,2,2
Roar Of Time,459,90.0,5,150.0,0,Dragon,Generation Iv,User foregoes its next turn to recharge.,Special,1,1
Spacial Rend,460,95.0,5,100.0,0,Dragon,Generation Iv,Has an increased chance for a critical hit.,Special,1,1
Lunar Dance,461,,10,,0,Psychic,Generation Iv,"User faints, and its replacement is fully healed.",Status,1,1
Crush Grip,462,100.0,5,,0,Normal,Generation Iv,"Power increases against targets with more HP remaining, up to a maximum of 121 power.",Physical,1,1
Magma Storm,463,75.0,5,100.0,0,Fire,Generation Iv,Prevents the target from fleeing and inflicts damage for 2-5 turns.,Special,1,1
Dark Void,464,50.0,10,,0,Dark,Generation Iv,Puts the target to sleep.,Status,1,1
Seed Flare,465,85.0,5,120.0,0,Grass,Generation Iv,Has a $effect_chance% chance to lower the target's Special Defense by two stages.,Special,1,1
Ominous Wind,466,100.0,5,60.0,0,Ghost,Generation Iv,Has a $effect_chance% chance to raise all of the user's stats by one stage.,Special,1,1
Shadow Force,467,100.0,5,120.0,0,Ghost,Generation Iv,"User vanishes, dodging all attacks, and hits next turn.  Hits through Protect and Detect.",Physical,1,1
Hone Claws,468,,15,,0,Dark,Generation V,Raises the user's Attack and accuracy by one stage.,Status,1,1
Wide Guard,469,,10,,3,Rock,Generation V,Prevents any multi-target moves from hitting friendly Pokémon this turn.,Status,1,1
Guard Split,470,,10,,0,Psychic,Generation V,Averages Defense and Special Defense with the target.,Status,1,1
Power Split,471,,10,,0,Psychic,Generation V,Averages Attack and Special Attack with the target.,Status,1,1
Wonder Room,472,,10,,0,Psychic,Generation V,All Pokémon's Defense and Special Defense are swapped for 5 turns.,Status,1,1
Psyshock,473,100.0,10,80.0,0,Psychic,Generation V,"Inflicts damage based on the target's Defense, not Special Defense.",Special,1,1
Venoshock,474,100.0,10,65.0,0,Poison,Generation V,Inflicts double damage if the target is Poisoned.,Special,1,1
Autotomize,475,,15,,0,Steel,Generation V,Raises the user's Speed by two stages and halves the user's weight.,Status,1,1
Rage Powder,476,,20,,2,Bug,Generation V,Redirects the target's single-target effects to the user for this turn.,Status,1,1
Telekinesis,477,,15,,0,Psychic,Generation V,Moves have 100% accuracy against the target for three turns.,Status,1,1
Magic Room,478,,10,,0,Psychic,Generation V,Negates held items for five turns.,Status,1,1
Smack Down,479,100.0,15,50.0,0,Rock,Generation V,Removes any immunity to Ground damage.,Physical,1,1
Storm Throw,480,100.0,10,60.0,0,Fighting,Generation V,Always scores a critical hit.,Physical,1,1
Flame Burst,481,100.0,15,70.0,0,Fire,Generation V,Deals splash damage to Pokémon next to the target.,Special,1,1
Sludge Wave,482,100.0,10,95.0,0,Poison,Generation V,Has a $effect_chance% chance to poison the target.,Special,1,1
Quiver Dance,483,,20,,0,Bug,Generation V,"Raises the user's Special Attack, Special Defense, and Speed by one stage each.",Status,1,1
Heavy Slam,484,100.0,10,,0,Steel,Generation V,"Power is higher when the user weighs more than the target, up to a maximum of 120.",Physical,1,1
Synchronoise,485,100.0,10,120.0,0,Psychic,Generation V,Hits any Pokémon that shares a type with the user.,Special,1,1
Electro Ball,486,100.0,10,,0,Electric,Generation V,"Power is higher when the user has greater Speed than the target, up to a maximum of 150.",Special,1,1
Soak,487,100.0,20,,0,Water,Generation V,Changes the target's type to Water.,Status,1,1
Flame Charge,488,100.0,20,50.0,0,Fire,Generation V,Inflicts regular damage.  Raises the user's Speed by one stage.,Physical,1,1
Coil,489,,20,,0,Poison,Generation V,"Raises the user's Attack, Defense, and accuracy by one stage each.",Status,1,1
Low Sweep,490,100.0,20,65.0,0,Fighting,Generation V,Lowers the target's Speed by one stage.,Physical,1,1
Acid Spray,491,100.0,20,40.0,0,Poison,Generation V,Lowers the target's Special Defense by two stages.,Special,1,1
Foul Play,492,100.0,15,95.0,0,Dark,Generation V,Calculates damage with the target's attacking stat.,Physical,1,1
Simple Beam,493,100.0,15,,0,Normal,Generation V,Changes the target's ability to Simple.,Status,1,1
Entrainment,494,100.0,15,,0,Normal,Generation V,Copies the user's ability onto the target.,Status,1,1
After You,495,,15,,0,Normal,Generation V,Makes the target act next this turn.,Status,1,1
Round,496,100.0,15,60.0,0,Normal,Generation V,Has double power if it's used more than once per turn.,Special,1,1
Echoed Voice,497,100.0,15,40.0,0,Normal,Generation V,"Power increases by 100% for each consecutive use by any friendly Pokémon, to a maximum of 200.",Special,1,1
Chip Away,498,100.0,20,70.0,0,Normal,Generation V,Ignores the target's stat modifiers.,Physical,1,1
Clear Smog,499,,15,50.0,0,Poison,Generation V,Removes all of the target's stat modifiers.,Special,1,1
Stored Power,500,100.0,10,20.0,0,Psychic,Generation V,"Power is higher the more the user's stats have been raised, to a maximum of 31×.",Special,1,1
Quick Guard,501,,15,,3,Fighting,Generation V,Prevents any priority moves from hitting friendly Pokémon this turn.,Status,1,1
Ally Switch,502,,15,,2,Psychic,Generation V,User switches places with the friendly Pokémon opposite it.,Status,1,1
Scald,503,100.0,15,80.0,0,Water,Generation V,Has a $effect_chance% chance to burn the target.,Special,1,1
Shell Smash,504,,15,,0,Normal,Generation V,"Raises user's Attack, Special Attack, and Speed by two stages.  Lower user's Defense and Special Defense by one stage.",Status,1,1
Heal Pulse,505,,10,,0,Psychic,Generation V,Heals the target for half its max HP.,Status,1,1
Hex,506,100.0,10,65.0,0,Ghost,Generation V,Has double power if the target has a major status ailment.,Special,1,1
Sky Drop,507,100.0,10,60.0,0,Flying,Generation V,"Carries the target high into the air, dodging all attacks against either, and drops it next turn.",Physical,1,1
Shift Gear,508,,10,,0,Steel,Generation V,Raises the user's Attack by one stage and its Speed by two stages.,Status,1,1
Circle Throw,509,90.0,10,60.0,-6,Fighting,Generation V,Ends wild battles.  Forces trainers to switch Pokémon.,Physical,1,1
Incinerate,510,100.0,15,60.0,0,Fire,Generation V,Destroys the target's held berry.,Special,1,1
Quash,511,100.0,15,,0,Dark,Generation V,Makes the target act last this turn.,Status,1,1
Acrobatics,512,100.0,15,55.0,0,Flying,Generation V,Has double power if the user has no held item.,Physical,1,1
Reflect Type,513,,15,,0,Normal,Generation V,User becomes the target's type.,Status,1,1
Retaliate,514,100.0,5,70.0,0,Normal,Generation V,Has double power if a friendly Pokémon fainted last turn.,Physical,1,1
Final Gambit,515,100.0,5,,0,Fighting,Generation V,Inflicts damage equal to the user's remaining HP.  User faints.,Special,1,1
Bestow,516,,15,,0,Normal,Generation V,Gives the user's held item to the target.,Status,1,1
Inferno,517,50.0,5,100.0,0,Fire,Generation V,Has a $effect_chance% chance to burn the target.,Special,1,1
Water Pledge,518,100.0,10,80.0,0,Water,Generation V,"With Grass Pledge, halves opposing Pokémon's Speed for four turns.",Special,1,1
Fire Pledge,519,100.0,10,80.0,0,Fire,Generation V,"With Water Pledge, doubles the effect chance of friendly Pokémon's moves for four turns.",Special,1,1
Grass Pledge,520,100.0,10,80.0,0,Grass,Generation V,"With Fire Pledge, damages opposing Pokémon for 1/8 their max HP every turn for four turns.",Special,1,1
Volt Switch,521,100.0,20,70.0,0,Electric,Generation V,User must switch out after attacking.,Special,1,1
Struggle Bug,522,100.0,20,50.0,0,Bug,Generation V,Has a $effect_chance% chance to lower the target's Special Attack by one stage.,Special,1,1
Bulldoze,523,100.0,20,60.0,0,Ground,Generation V,Has a $effect_chance% chance to lower the target's Speed by one stage.,Physical,1,1
Frost Breath,524,90.0,10,60.0,0,Ice,Generation V,Always scores a critical hit.,Special,1,1
Dragon Tail,525,90.0,10,60.0,-6,Dragon,Generation V,Ends wild battles.  Forces trainers to switch Pokémon.,Physical,1,1
Work Up,526,,30,,0,Normal,Generation V,Raises the user's Attack and Special Attack by one stage each.,Status,1,1
Electroweb,527,95.0,15,55.0,0,Electric,Generation V,Lowers the target's Speed by one stage.,Special,1,1
Wild Charge,528,100.0,15,90.0,0,Electric,Generation V,User receives 1/4 the damage it inflicts in recoil.,Physical,1,1
Drill Run,529,95.0,10,80.0,0,Ground,Generation V,Has an increased chance for a critical hit.,Physical,1,1
Dual Chop,530,90.0,15,40.0,0,Dragon,Generation V,Hits twice in one turn.,Physical,2,2
Heart Stamp,531,100.0,25,60.0,0,Psychic,Generation V,Has a $effect_chance% chance to make the target flinch.,Physical,1,1
Horn Leech,532,100.0,10,75.0,0,Grass,Generation V,Drains half the damage inflicted to heal the user.,Physical,1,1
Sacred Sword,533,100.0,15,90.0,0,Fighting,Generation V,Ignores the target's stat modifiers.,Physical,1,1
Razor Shell,534,95.0,10,75.0,0,Water,Generation V,Has a $effect_chance% chance to lower the target's Defense by one stage.,Physical,1,1
Heat Crash,535,100.0,10,,0,Fire,Generation V,"Power is higher when the user weighs more than the target, up to a maximum of 120.",Physical,1,1
Leaf Tornado,536,90.0,10,65.0,0,Grass,Generation V,Has a $effect_chance% chance to lower the target's accuracy by one stage.,Special,1,1
Steamroller,537,100.0,20,65.0,0,Bug,Generation V,Has a $effect_chance% chance to make the target flinch.,Physical,1,1
Cotton Guard,538,,10,,0,Grass,Generation V,Raises the user's Defense by three stages.,Status,1,1
Night Daze,539,95.0,10,85.0,0,Dark,Generation V,Has a $effect_chance% chance to lower the target's accuracy by one stage.,Special,1,1
Psystrike,540,100.0,10,100.0,0,Psychic,Generation V,"Inflicts damage based on the target's Defense, not Special Defense.",Special,1,1
Tail Slap,541,85.0,10,25.0,0,Normal,Generation V,Hits 2-5 times in one turn.,Physical,2,5
Hurricane,542,70.0,10,110.0,0,Flying,Generation V,Has a $effect_chance% chance to confuse the target.,Special,1,1
Head Charge,543,100.0,15,120.0,0,Normal,Generation V,User receives 1/4 the damage it inflicts in recoil.,Physical,1,1
Gear Grind,544,85.0,15,50.0,0,Steel,Generation V,Hits twice in one turn.,Physical,2,2
Searing Shot,545,100.0,5,100.0,0,Fire,Generation V,Has a $effect_chance% chance to burn the target.,Special,1,1
Techno Blast,546,100.0,5,120.0,0,Normal,Generation V,"If the user is holding a appropriate plate or drive, the damage inflicted will match it.",Special,1,1
Relic Song,547,100.0,10,75.0,0,Normal,Generation V,Has a $effect_chance% chance to put the target to sleep.,Special,1,1
Secret Sword,548,100.0,10,85.0,0,Fighting,Generation V,"Inflicts damage based on the target's Defense, not Special Defense.",Special,1,1
Glaciate,549,95.0,10,65.0,0,Ice,Generation V,Lowers the target's Speed by one stage.,Special,1,1
Bolt Strike,550,85.0,5,130.0,0,Electric,Generation V,Has a $effect_chance% chance to paralyze the target.,Physical,1,1
Blue Flare,551,85.0,5,130.0,0,Fire,Generation V,Has a $effect_chance% chance to burn the target.,Special,1,1
Fiery Dance,552,100.0,10,80.0,0,Fire,Generation V,Has a $effect_chance% chance to raise the user's Special Attack by one stage.,Special,1,1
Freeze Shock,553,90.0,5,140.0,0,Ice,Generation V,Requires a turn to charge before attacking.  Has a $effect_chance% chance to paralyze the target.,Physical,1,1
Ice Burn,554,90.0,5,140.0,0,Ice,Generation V,Requires a turn to charge before attacking.  Has a $effect_chance% chance to burn the target.,Special,1,1
Snarl,555,95.0,15,55.0,0,Dark,Generation V,Has a $effect_chance% chance to lower the target's Special Attack by one stage.,Special,1,1
Icicle Crash,556,90.0,10,85.0,0,Ice,Generation V,Has a $effect_chance% chance to make the target flinch.,Physical,1,1
V Create,557,95.0,5,180.0,0,Fire,Generation V,"Lowers the user's Defense, Special Defense, and Speed by one stage each.",Physical,1,1
Fusion Flare,558,100.0,5,100.0,0,Fire,Generation V,"With Fusion Bolt, inflicts double damage.",Special,1,1
Fusion Bolt,559,100.0,5,100.0,0,Electric,Generation V,"With Fusion Flare, inflicts double damage.",Physical,1,1
Flying Press,560,95.0,10,100.0,0,Fighting,Generation Vi,Deals both fighting and flying-type damage.,Physical,1,1
Mat Block,561,,10,,0,Fighting,Generation Vi,Protects all friendly Pokémon from damaging moves.  Only works on the first turn after the user is sent out.,Status,1,1
Belch,562,90.0,10,120.0,0,Poison,Generation Vi,Can only be used after the user has eaten a berry.,Special,1,1
Rototiller,563,,10,,0,Ground,Generation Vi,Raises the Attack and Special Attack of all grass Pokémon in battle.,Status,1,1
Sticky Web,564,,20,,0,Bug,Generation Vi,"Covers the opposing field, lowering opponents' Speed by one stage upon switching in.",Status,1,1
Fell Stinger,565,100.0,25,50.0,0,Bug,Generation Vi,Raises the user's Attack by two stages if it KOs the target.,Physical,1,1
Phantom Force,566,100.0,10,90.0,0,Ghost,Generation Vi,"User vanishes, dodging all attacks, and hits next turn.  Hits through Protect and Detect.",Physical,1,1
Trick Or Treat,567,100.0,20,,0,Ghost,Generation Vi,Adds ghost to the target's types.,Status,1,1
Noble Roar,568,100.0,30,,0,Normal,Generation Vi,Lowers the target's Attack and Special Attack by one stage.,Status,1,1
Ion Deluge,569,,25,,1,Electric,Generation Vi,Changes all normal moves to electric moves for the rest of the turn.,Status,1,1
Parabolic Charge,570,100.0,20,65.0,0,Electric,Generation Vi,Heals the user for half the total damage dealt to all targets.,Special,1,1
Forests Curse,571,100.0,20,,0,Grass,Generation Vi,Adds grass to the target's types.,Status,1,1
Petal Blizzard,572,100.0,15,90.0,0,Grass,Generation Vi,Inflicts regular damage.,Physical,1,1
Freeze Dry,573,100.0,20,70.0,0,Ice,Generation Vi,Super-effective against water.,Special,1,1
Disarming Voice,574,,15,40.0,0,Fairy,Generation Vi,Never misses.,Special,1,1
Parting Shot,575,100.0,20,,0,Dark,Generation Vi,Lowers all targets' Attack and Special Attack by one stage.  Makes the user switch out.,Status,1,1
Topsy Turvy,576,,20,,0,Dark,Generation Vi,Inverts the target's stat modifiers.,Status,1,1
Draining Kiss,577,100.0,10,50.0,0,Fairy,Generation Vi,Drains 75% of the damage inflicted to heal the user.,Special,1,1
Crafty Shield,578,,10,,3,Fairy,Generation Vi,Protects all friendly Pokémon from non-damaging moves.,Status,1,1
Flower Shield,579,,10,,0,Fairy,Generation Vi,Raises the Defense of all grass Pokémon in battle.,Status,1,1
Grassy Terrain,580,,10,,0,Grass,Generation Vi,"For five turns, heals all Pokémon on the ground for 1/16 max HP each turn and strengthens their grass moves to 1.5× their power.",Status,1,1
Misty Terrain,581,,10,,0,Fairy,Generation Vi,"For five turns, protects all Pokémon on the ground from major status ailments and confusion, and halves the power of incoming dragon moves.",Status,1,1
Electrify,582,,20,,0,Electric,Generation Vi,Changes the target's move's type to electric if it hasn't moved yet this turn.,Status,1,1
Play Rough,583,90.0,10,90.0,0,Fairy,Generation Vi,Has a $effect_chance% chance to lower the target's Attack by one stage.,Physical,1,1
Fairy Wind,584,100.0,30,40.0,0,Fairy,Generation Vi,Inflicts regular damage with no additional effect.,Special,1,1
Moonblast,585,100.0,15,95.0,0,Fairy,Generation Vi,Has a $effect_chance% chance to lower the target's Special Attack by one stage.,Special,1,1
Boomburst,586,100.0,10,140.0,0,Normal,Generation Vi,Inflicts regular damage.,Special,1,1
Fairy Lock,587,,10,,0,Fairy,Generation Vi,Prevents all Pokémon from fleeing or switching out during the next turn.,Status,1,1
Kings Shield,588,,10,,4,Steel,Generation Vi,Blocks damaging attacks and lowers attacking Pokémon's Attack by two stages on contact.  Switches Aegislash to Shield Forme.,Status,1,1
Play Nice,589,,20,,0,Normal,Generation Vi,Lowers the target's Attack by one stage.,Status,1,1
Confide,590,,20,,0,Normal,Generation Vi,Lowers the target's Special Attack by one stage.,Status,1,1
Diamond Storm,591,95.0,5,100.0,0,Rock,Generation Vi,Has a $effect_chance% chance to raise the user's Defense by two stages for each target hit.,Physical,1,1
Steam Eruption,592,95.0,5,110.0,0,Water,Generation Vi,Has a $effect_chance% chance to burn the target.,Special,1,1
Hyperspace Hole,593,,5,80.0,0,Psychic,Generation Vi,Ignores and destroys protection effects.,Special,1,1
Water Shuriken,594,100.0,20,15.0,1,Water,Generation Vi,Hits 2–5 times.,Special,2,5
Mystical Fire,595,100.0,10,75.0,0,Fire,Generation Vi,Has a $effect_chance% chance to lower the target's Special Attack by one stage.,Special,1,1
Spiky Shield,596,,10,,4,Grass,Generation Vi,Blocks damaging attacks and damages attacking Pokémon for 1/8 their max HP.,Status,1,1
Aromatic Mist,597,,20,,0,Fairy,Generation Vi,Raises a selected ally's Special Defense by one stage.,Status,1,1
Eerie Impulse,598,100.0,15,,0,Electric,Generation Vi,Lowers the target's Special Attack by two stages.,Status,1,1
Venom Drench,599,100.0,20,,0,Poison,Generation Vi,"Lowers the target's Attack, Special Attack, and Speed by one stage if it is poisoned.",Status,1,1
Powder,600,100.0,20,,1,Bug,Generation Vi,"Explodes if the target uses a fire move this turn, damaging it for 1/4 its max HP and preventing the move.",Status,1,1
Geomancy,601,,10,,0,Fairy,Generation Vi,"Takes one turn to charge, then raises the user's Special Attack, Special Defense, and Speed by two stages.",Status,1,1
Magnetic Flux,602,,20,,0,Electric,Generation Vi,Raises the Defense and Special Defense of all friendly Pokémon with plus or minus by one stage.,Status,1,1
Happy Hour,603,,30,,0,Normal,Generation Vi,Doubles prize money.,Status,1,1
Electric Terrain,604,,10,,0,Electric,Generation Vi,"For five turns, prevents all Pokémon on the ground from sleeping and strengthens their electric moves to 1.5× their power.",Status,1,1
Dazzling Gleam,605,100.0,10,80.0,0,Fairy,Generation Vi,Inflicts regular damage with no additional effect.,Special,1,1
Celebrate,606,,40,,0,Normal,Generation Vi,Does nothing.,Status,1,1
Hold Hands,607,,40,,0,Normal,Generation Vi,Does nothing.,Status,1,1
Baby Doll Eyes,608,100.0,30,,1,Fairy,Generation Vi,Lowers the target's Attack by one stage.,Status,1,1
Nuzzle,609,100.0,20,20.0,0,Electric,Generation Vi,Has a $effect_chance% chance to paralyze the target.,Physical,1,1
Hold Back,610,100.0,40,40.0,0,Normal,Generation Vi,Cannot lower the target's HP below 1.,Physical,1,1
Infestation,611,100.0,20,20.0,0,Bug,Generation Vi,Prevents the target from fleeing and inflicts damage for 2-5 turns.,Special,1,1
Power Up Punch,612,100.0,20,40.0,0,Fighting,Generation Vi,Raises the user's Attack by one stage after inflicting damage.,Physical,1,1
Oblivion Wing,613,100.0,10,80.0,0,Flying,Generation Vi,Drains 75% of the damage inflicted to heal the user.,Special,1,1
Thousand Arrows,614,100.0,10,90.0,0,Ground,Generation Vi,"Grounds the target, and hits even Flying-type or levitating Pokémon.",Physical,1,1
Thousand Waves,615,100.0,10,90.0,0,Ground,Generation Vi,Prevents the target from leaving battle.,Physical,1,1
Lands Wrath,616,100.0,10,90.0,0,Ground,Generation Vi,Inflicts regular damage with no additional effect.,Physical,1,1
Light Of Ruin,617,90.0,5,140.0,0,Fairy,Generation Vi,User receives 1/2 the damage inflicted in recoil.,Special,1,1
Origin Pulse,618,85.0,10,110.0,0,Water,Generation Vi,Inflicts regular damage with no additional effect.,Special,1,1
Precipice Blades,619,85.0,10,120.0,0,Ground,Generation Vi,Inflicts regular damage with no additional effect.,Physical,1,1
Dragon Ascent,620,100.0,5,120.0,0,Flying,Generation Vi,Lowers the user's Defense and Special Defense by one stage after inflicting damage.,Physical,1,1
Hyperspace Fury,621,,5,100.0,0,Dark,Generation Vi,Ignores and destroys protection effects.,Physical,1,1
Breakneck Blitz  Physical,622,,1,,0,Normal,Generation Vii,Inflicts regular damage with no additional effect.,Physical,1,1
Breakneck Blitz  Special,623,,1,,0,Normal,Generation Vii,Inflicts regular damage with no additional effect.,Special,1,1
All Out Pummeling  Physical,624,,1,,0,Fighting,Generation Vii,Inflicts regular damage with no additional effect.,Physical,1,1
All Out Pummeling  Special,625,,1,,0,Fighting,Generation Vii,Inflicts regular damage with no additional effect.,Special,1,1
Supersonic Skystrike  Physical,626,,1,,0,Flying,Generation Vii,Inflicts regular damage with no additional effect.,Physical,1,1
Supersonic Skystrike  Special,627,,1,,0,Flying,Generation Vii,Inflicts regular damage with no additional effect.,Special,1,1
Acid Downpour  Physical,628,,1,,0,Poison,Generation Vii,Inflicts regular damage with no additional effect.,Physical,1,1
Acid Downpour  Special,629,,1,,0,Poison,Generation Vii,Inflicts regular damage with no additional effect.,Special,1,1
Tectonic Rage  Physical,630,,1,,0,Ground,Generation Vii,Inflicts regular damage with no additional effect.,Physical,1,1
Tectonic Rage  Special,631,,1,,0,Ground,Generation Vii,Inflicts regular damage with no additional effect.,Special,1,1
Continental Crush  Physical,632,,1,,0,Rock,Generation Vii,Inflicts regular damage with no additional effect.,Physical,1,1
Continental Crush  Special,633,,1,,0,Rock,Generation Vii,Inflicts regular damage with no additional effect.,Special,1,1
Savage Spin Out  Physical,634,,1,,0,Bug,Generation Vii,Inflicts regular damage with no additional effect.,Physical,1,1
Savage Spin Out  Special,635,,1,,0,Bug,Generation Vii,Inflicts regular damage with no additional effect.,Special,1,1
Never Ending Nightmare  Physical,636,,1,,0,Ghost,Generation Vii,Inflicts regular damage with no additional effect.,Physical,1,1
Never Ending Nightmare  Special,637,,1,,0,Ghost,Generation Vii,Inflicts regular damage with no additional effect.,Special,1,1
Corkscrew Crash  Physical,638,,1,,0,Steel,Generation Vii,Inflicts regular damage with no additional effect.,Physical,1,1
Corkscrew Crash  Special,639,,1,,0,Steel,Generation Vii,Inflicts regular damage with no additional effect.,Special,1,1
Inferno Overdrive  Physical,640,,1,,0,Fire,Generation Vii,Inflicts regular damage with no additional effect.,Physical,1,1
Inferno Overdrive  Special,641,,1,,0,Fire,Generation Vii,Inflicts regular damage with no additional effect.,Special,1,1
Hydro Vortex  Physical,642,,1,,0,Water,Generation Vii,Inflicts regular damage with no additional effect.,Physical,1,1
Hydro Vortex  Special,643,,1,,0,Water,Generation Vii,Inflicts regular damage with no additional effect.,Special,1,1
Bloom Doom  Physical,644,,1,,0,Grass,Generation Vii,Inflicts regular damage with no additional effect.,Physical,1,1
Bloom Doom  Special,645,,1,,0,Grass,Generation Vii,Inflicts regular damage with no additional effect.,Special,1,1
Gigavolt Havoc  Physical,646,,1,,0,Electric,Generation Vii,Inflicts regular damage with no additional effect.,Physical,1,1
Gigavolt Havoc  Special,647,,1,,0,Electric,Generation Vii,Inflicts regular damage with no additional effect.,Special,1,1
Shattered Psyche  Physical,648,,1,,0,Psychic,Generation Vii,Inflicts regular damage with no additional effect.,Physical,1,1
Shattered Psyche  Special,649,,1,,0,Psychic,Generation Vii,Inflicts regular damage with no additional effect.,Special,1,1
Subzero Slammer  Physical,650,,1,,0,Ice,Generation Vii,Inflicts regular damage with no additional effect.,Physical,1,1
Subzero Slammer  Special,651,,1,,0,Ice,Generation Vii,Inflicts regular damage with no additional effect.,Special,1,1
Devastating Drake  Physical,652,,1,,0,Dragon,Generation Vii,Inflicts regular damage with no additional effect.,Physical,1,1
Devastating Drake  Special,653,,1,,0,Dragon,Generation Vii,Inflicts regular damage with no additional effect.,Special,1,1
Black Hole Eclipse  Physical,654,,1,,0,Dark,Generation Vii,Inflicts regular damage with no additional effect.,Physical,1,1
Black Hole Eclipse  Special,655,,1,,0,Dark,Generation Vii,Inflicts regular damage with no additional effect.,Special,1,1
Twinkle Tackle  Physical,656,,1,,0,Fairy,Generation Vii,Inflicts regular damage with no additional effect.,Physical,1,1
Twinkle Tackle  Special,657,,1,,0,Fairy,Generation Vii,Inflicts regular damage with no additional effect.,Special,1,1
Catastropika,658,,1,210.0,0,Electric,Generation Vii,Inflicts regular damage with no additional effect.,Physical,1,1
Shore Up,659,,10,,0,Ground,Generation Vii,"Heals the user for ½ its max HP, or ⅔ during a sandstorm.",Status,1,1
First Impression,660,100.0,10,90.0,2,Bug,Generation Vii,Can only be used as the first move after the user enters battle.,Physical,1,1
Baneful Bunker,661,,10,,4,Poison,Generation Vii,Grants the user protection for the rest of the turn and poisons any Pokémon that tries to use a contact move on it.,Status,1,1
Spirit Shackle,662,100.0,10,80.0,0,Ghost,Generation Vii,Traps the target.,Physical,1,1
Darkest Lariat,663,100.0,10,85.0,0,Dark,Generation Vii,Ignores the target's stat modifiers.,Physical,1,1
Sparkling Aria,664,100.0,10,90.0,0,Water,Generation Vii,Cures the target of burns.,Special,1,1
Ice Hammer,665,90.0,10,100.0,0,Ice,Generation Vii,Lowers user's Speed by one stage.,Physical,1,1
Floral Healing,666,,10,,0,Fairy,Generation Vii,"Heals the target for ½ its max HP, or ⅔ on Grassy Terrain.",Status,1,1
High Horsepower,667,95.0,10,95.0,0,Ground,Generation Vii,Inflicts regular damage with no additional effect.,Physical,1,1
Strength Sap,668,100.0,10,,0,Grass,Generation Vii,Heals the user by the target's current Attack stat and lowers the target's Attack by one stage.,Status,1,1
Solar Blade,669,100.0,10,125.0,0,Grass,Generation Vii,Requires a turn to charge before attacking.,Physical,1,1
Leafage,670,100.0,40,40.0,0,Grass,Generation Vii,Inflicts regular damage with no additional effect.,Physical,1,1
Spotlight,671,,15,,3,Normal,Generation Vii,Forces the target's opponents to aim at the target for the rest of the turn.,Status,1,1
Toxic Thread,672,100.0,20,,0,Poison,Generation Vii,Poisons the target and lowers its Speed by one stage.,Status,1,1
Laser Focus,673,,30,,0,Normal,Generation Vii,Guarantees a critical hit with the user's next move.,Status,1,1
Gear Up,674,,20,,0,Steel,Generation Vii,Raises the Attack and Special Attack of all friendly Pokémon with plus or minus by one stage.,Status,1,1
Throat Chop,675,100.0,15,80.0,0,Dark,Generation Vii,Prevents the target from using sound-based moves for two turns.,Physical,1,1
Pollen Puff,676,100.0,15,90.0,0,Bug,Generation Vii,"Damages opponents, but heals allies for 50% of their max HP.",Special,1,1
Anchor Shot,677,100.0,20,80.0,0,Steel,Generation Vii,Traps the target.,Physical,1,1
Psychic Terrain,678,,10,,0,Psychic,Generation Vii,Protects Pokémon on the ground from priority moves and increases the power of their  Psychic moves by 50%.,Status,1,1
Lunge,679,100.0,15,80.0,0,Bug,Generation Vii,Lowers the target's Attack by one stage after inflicting damage.,Physical,1,1
Fire Lash,680,100.0,15,80.0,0,Fire,Generation Vii,Lowers the target's Defense by one stage after inflicting damage.,Physical,1,1
Power Trip,681,100.0,10,20.0,0,Dark,Generation Vii,"Power is higher the more the user's stats have been raised, to a maximum of 31×.",Physical,1,1
Burn Up,682,100.0,5,130.0,0,Fire,Generation Vii,Removes the user's fire type after inflicting damage.,Special,1,1
Speed Swap,683,,10,,0,Psychic,Generation Vii,Exchanges the user's Speed with the target's.,Status,1,1
Smart Strike,684,,10,70.0,0,Steel,Generation Vii,Never misses.,Physical,1,1
Purify,685,,20,,0,Poison,Generation Vii,Cures the target of a major status ailment and heals the user for 50% of its max HP.,Status,1,1
Revelation Dance,686,100.0,15,90.0,0,Normal,Generation Vii,Has the same type as the user.,Special,1,1
Core Enforcer,687,100.0,10,100.0,0,Dragon,Generation Vii,Nullifies the target's ability if it moves earlier.,Special,1,1
Trop Kick,688,100.0,15,70.0,0,Grass,Generation Vii,Lowers the target's Attack by one stage after inflicting damage.,Physical,1,1
Instruct,689,,15,,0,Psychic,Generation Vii,Forces the target to repeat its last used move.,Status,1,1
Beak Blast,690,100.0,15,100.0,-3,Flying,Generation Vii,Inflicts a burn on any Pokémon that makes contact before the attack.,Physical,1,1
Clanging Scales,691,100.0,5,110.0,0,Dragon,Generation Vii,Lowers the user's Defense by one stage after inflicting damage.,Special,1,1
Dragon Hammer,692,100.0,15,90.0,0,Dragon,Generation Vii,Inflicts regular damage with no additional effect.,Physical,1,1
Brutal Swing,693,100.0,20,60.0,0,Dark,Generation Vii,Inflicts regular damage with no additional effect.,Physical,1,1
Aurora Veil,694,,20,,0,Ice,Generation Vii,"Reduces damage five turns, but must be used during hail.",Status,1,1
Sinister Arrow Raid,695,,1,180.0,0,Ghost,Generation Vii,Inflicts regular damage with no additional effect.,Physical,1,1
Malicious Moonsault,696,,1,180.0,0,Dark,Generation Vii,Inflicts regular damage with no additional effect.,Physical,1,1
Oceanic Operetta,697,,1,195.0,0,Water,Generation Vii,Inflicts regular damage with no additional effect.,Special,1,1
Guardian Of Alola,698,,1,,0,Fairy,Generation Vii,Damages the target for 75% of its remaining HP.,Special,1,1
Soul Stealing 7 Star Strike,699,,1,195.0,0,Ghost,Generation Vii,Inflicts regular damage with no additional effect.,Physical,1,1
Stoked Sparksurfer,700,,1,175.0,0,Electric,Generation Vii,Has a $effect_chance% chance to paralyze the target.,Special,1,1
Pulverizing Pancake,701,,1,210.0,0,Normal,Generation Vii,Inflicts regular damage with no additional effect.,Physical,1,1
Extreme Evoboost,702,,1,,0,Normal,Generation Vii,Raises all of the user's stats by two stages.,Status,1,1
Genesis Supernova,703,,1,185.0,0,Psychic,Generation Vii,Changes the terrain to Psychic Terrain after inflicting damage.,Special,1,1
Shell Trap,704,100.0,5,150.0,-3,Fire,Generation Vii,Only inflicts damage if the user was hit by a physical move this turn.,Special,1,1
Fleur Cannon,705,90.0,5,130.0,0,Fairy,Generation Vii,Lowers the user's Special Attack by two stages after inflicting damage.,Special,1,1
Psychic Fangs,706,100.0,10,85.0,0,Psychic,Generation Vii,Destroys Reflect and Light Screen.,Physical,1,1
Stomping Tantrum,707,100.0,10,75.0,0,Ground,Generation Vii,Has double power if the user's last move failed.,Physical,1,1
Shadow Bone,708,100.0,10,85.0,0,Ghost,Generation Vii,Has a $effect_chance% chance to lower the target's Defense by one stage.,Physical,1,1
Accelerock,709,100.0,20,40.0,1,Rock,Generation Vii,Inflicts regular damage with no additional effect.,Physical,1,1
Liquidation,710,100.0,10,85.0,0,Water,Generation Vii,Has a $effect_chance% chance to lower the target's Defense by one stage.,Physical,1,1
Prismatic Laser,711,100.0,10,160.0,0,Psychic,Generation Vii,User foregoes its next turn to recharge.,Special,1,1
Spectral Thief,712,100.0,10,90.0,0,Ghost,Generation Vii,"Steals the target's stat increases, then inflicts damage.",Physical,1,1
Sunsteel Strike,713,100.0,5,100.0,0,Steel,Generation Vii,Cannot be disrupted by abilities.,Physical,1,1
Moongeist Beam,714,100.0,5,100.0,0,Ghost,Generation Vii,Cannot be disrupted by abilities.,Special,1,1
Tearful Look,715,,20,,0,Normal,Generation Vii,Lowers the target's Attack and Special Attack by one stage.,Status,1,1
Zing Zap,716,100.0,10,80.0,0,Electric,Generation Vii,Has a $effect_chance% chance to make the target flinch.,Physical,1,1
Natures Madness,717,90.0,10,,0,Fairy,Generation Vii,Inflicts damage equal to half the target's HP.,Special,1,1
Multi Attack,718,100.0,10,120.0,0,Normal,Generation Vii,"If the user is holding a appropriate plate or drive, the damage inflicted will match it.",Physical,1,1
10 000 000 Volt Thunderbolt,719,,1,195.0,0,Electric,Generation Vii,Inflicts regular damage with no additional effect.,Special,1,1
Mind Blown,720,100.0,5,150.0,0,Fire,Generation Vii,"Inflicts damage, and the user takes damage equal to half of its max HP, rounded up.",Special,1,1
Plasma Fists,721,100.0,15,100.0,0,Electric,Generation Vii,Inflicts regular damage with no additional effect.,Physical,1,1
Photon Geyser,722,100.0,5,100.0,0,Psychic,Generation Vii,Inflicts regular damage with no additional effect.,Special,1,1
Light That Burns The Sky,723,,1,200.0,0,Psychic,Generation Vii,"Inflicts damage using either Attack or Special Attack stat, whichever is higher.",Special,1,1
Searing Sunraze Smash,724,,1,200.0,0,Steel,Generation Vii,Cannot be disrupted by abilities.,Physical,1,1
Menacing Moonraze Maelstrom,725,,1,200.0,0,Ghost,Generation Vii,Cannot be disrupted by abilities.,Special,1,1
Lets Snuggle Forever,726,,1,190.0,0,Fairy,Generation Vii,"After inflicting damage, causes all Normal-type moves to become Electric-type for the remainder of the turn.",Physical,1,1
Splintered Stormshards,727,,1,190.0,0,Rock,Generation Vii,Inflicts damage and removes any terrain present on the battlefield.,Physical,1,1
Clangorous Soulblaze,728,,1,185.0,0,Dragon,Generation Vii,"Inflicts damage to all opposing Pokémon and increases the user's Attack, Defense, Special Attack, Special Defense, and Speed by one stage each.",Special,1,1
Zippy Zap,729,100.0,10,80.0,2,Electric,Generation Vii,Inflicts regular damage with no additional effect.,Physical,1,1
Splishy Splash,730,100.0,15,90.0,0,Water,Generation Vii,Inflicts regular damage with no additional effect.,Special,1,1
Floaty Fall,731,95.0,15,90.0,0,Flying,Generation Vii,Inflicts regular damage with no additional effect.,Physical,1,1
Pika Papow,732,,20,,0,Electric,Generation Vii,Inflicts regular damage with no additional effect.,Special,1,1
Bouncy Bubble,733,100.0,20,60.0,0,Water,Generation Vii,Inflicts regular damage with no additional effect.,Special,1,1
Buzzy Buzz,734,100.0,20,60.0,0,Electric,Generation Vii,Inflicts regular damage with no additional effect.,Special,1,1
Sizzly Slide,735,100.0,20,60.0,0,Fire,Generation Vii,Inflicts regular damage with no additional effect.,Physical,1,1
Glitzy Glow,736,95.0,15,80.0,0,Psychic,Generation Vii,Inflicts regular damage with no additional effect.,Special,1,1
Baddy Bad,737,95.0,15,80.0,0,Dark,Generation Vii,Inflicts regular damage with no additional effect.,Special,1,1
Sappy Seed,738,90.0,10,100.0,0,Grass,Generation Vii,Inflicts regular damage with no additional effect.,Physical,1,1
Freezy Frost,739,90.0,10,100.0,0,Ice,Generation Vii,Inflicts regular damage with no additional effect.,Special,1,1
Sparkly Swirl,740,85.0,5,120.0,0,Fairy,Generation Vii,Inflicts regular damage with no additional effect.,Special,1,1
Veevee Volley,741,,20,,0,Normal,Generation Vii,Inflicts regular damage with no additional effect.,Physical,1,1
Double Iron Bash,742,100.0,5,60.0,0,Steel,Generation Vii,Hits twice in one turn.,Physical,2,2
Max Guard,743,,10,,4,Normal,Generation Viii,Prevents any moves from hitting the user this turn.,Status,1,1
Dynamax Cannon,744,100.0,5,100.0,0,Dragon,Generation Viii,Sets Light Screen on the user's side of the field after inflicting damage.,Special,1,1
Snipe Shot,745,100.0,15,80.0,0,Water,Generation Viii,Sets Reflect on the user's side of the field after inflicting damage.,Special,1,1
Jaw Lock,746,100.0,10,80.0,0,Dark,Generation Viii,Seeds the target after inflicting damage.,Physical,1,1
Stuff Cheeks,747,,10,,0,Normal,Generation Viii,Cures the entire party of major status effects after inflicting damage.,Status,1,1
No Retreat,748,,5,,0,Fighting,Generation Viii,"Hits twice in one turn, with a $effect_chance% chance to make the target flinch.",Status,1,1
Max Flare,757,,10,100.0,0,Fire,Generation Viii,Inflicts regular damage with no additional effect.,Physical,1,1
Max Flutterby,758,,10,10.0,0,Bug,Generation Viii,Inflicts regular damage with no additional effect.,Physical,1,1
Max Lightning,759,,10,10.0,0,Electric,Generation Viii,Inflicts regular damage with no additional effect.,Physical,1,1
Max Strike,760,,10,10.0,0,Normal,Generation Viii,Inflicts regular damage with no additional effect.,Physical,1,1
Max Knuckle,761,,10,10.0,0,Fighting,Generation Viii,Inflicts regular damage with no additional effect.,Physical,1,1
Max Phantasm,762,,10,10.0,0,Ghost,Generation Viii,Inflicts regular damage with no additional effect.,Physical,1,1
Max Hailstorm,763,,10,10.0,0,Ice,Generation Viii,Inflicts regular damage with no additional effect.,Physical,1,1
Max Ooze,764,,10,10.0,0,Poison,Generation Viii,Inflicts regular damage with no additional effect.,Physical,1,1
Max Geyser,765,,10,10.0,0,Water,Generation Viii,Inflicts regular damage with no additional effect.,Physical,1,1
Max Airstream,766,,10,10.0,0,Flying,Generation Viii,Inflicts regular damage with no additional effect.,Physical,1,1
Max Starfall,767,,10,10.0,0,Fairy,Generation Viii,Inflicts regular damage with no additional effect.,Physical,1,1
Max Wyrmwind,768,,10,10.0,0,Dragon,Generation Viii,Inflicts regular damage with no additional effect.,Physical,1,1
Max Mindstorm,769,,10,10.0,0,Psychic,Generation Viii,Inflicts regular damage with no additional effect.,Physical,1,1
Max Rockfall,770,,10,10.0,0,Rock,Generation Viii,Inflicts regular damage with no additional effect.,Physical,1,1
Max Quake,771,,10,10.0,0,Ground,Generation Viii,Inflicts regular damage with no additional effect.,Physical,1,1
Max Darkness,772,,10,10.0,0,Dark,Generation Viii,Inflicts regular damage with no additional effect.,Physical,1,1
Max Overgrowth,773,,10,10.0,0,Grass,Generation Viii,Inflicts regular damage with no additional effect.,Physical,1,1
Max Steelspike,774,,10,10.0,0,Steel,Generation Viii,Inflicts regular damage with no additional effect.,Physical,1,1
Drum Beating,778,100.0,10,80.0,0,Grass,Generation Viii,Has a $effect_chance% chance to lower the target's Speed by one stage.,Physical,1,1
Snap Trap,779,100.0,15,35.0,0,Grass,Generation Viii,Prevents the target from fleeing and inflicts damage for 2-5 turns.,Physical,1,1
Pyro Ball,780,90.0,5,120.0,0,Fire,Generation Viii,Has a $effect_chance% chance to burn the target.,Physical,1,1
Breaking Swipe,784,100.0,15,60.0,0,Dragon,Generation Viii,Lowers the target's Attack by one stage after inflicting damage.,Physical,1,1
Branch Poke,785,100.0,40,40.0,0,Grass,Generation Viii,Inflicts regular damage with no additional effect.,Physical,1,1
Grav Apple,788,100.0,10,80.0,0,Grass,Generation Viii,Lowers the target's Defense by one stage after inflicting damage.,Physical,1,1
Spirit Break,789,100.0,15,75.0,0,Fairy,Generation Viii,Has a $effect_chance% chance to lower the target's Special Attack by one stage.,Physical,1,1
Strange Steam,790,95.0,10,90.0,0,Fairy,Generation Viii,Has a $effect_chance% chance to confuse the target.,Special,1,1
False Surrender,793,,10,80.0,0,Dark,Generation Viii,Never misses.,Physical,1,1
Meteor Assault,794,100.0,5,150.0,0,Fighting,Generation Viii,User foregoes its next turn to recharge.,Physical,1,1
Eternabeam,795,90.0,5,160.0,0,Dragon,Generation Viii,User foregoes its next turn to recharge.,Special,1,1
Steel Beam,796,95.0,5,140.0,0,Steel,Generation Viii,"Inflicts damage, and the user takes damage equal to half of its max HP, rounded up.",Special,1,1
Expanding Force,797,100.0,10,80.0,0,Psychic,Generation Viii,Inflicts regular damage with no additional effect.,Special,1,1
Steel Roller,798,100.0,5,130.0,0,Steel,Generation Viii,Inflicts regular damage with no additional effect.,Physical,1,1
Scale Shot,799,90.0,20,25.0,0,Dragon,Generation Viii,Boosts the user's Speed and lowers their Defense by one stage after inflicting damage two to five times in a row.,Physical,2,5
Meteor Beam,800,90.0,10,120.0,0,Rock,Generation Viii,Inflicts regular damage with no additional effect.,Special,1,1
Shell Side Arm,801,100.0,10,90.0,0,Poison,Generation Viii,Inflicts regular damage with no additional effect.,Special,1,1
Misty Explosion,802,100.0,5,100.0,0,Fairy,Generation Viii,Inflicts regular damage with no additional effect.,Special,1,1
Grassy Glide,803,100.0,20,70.0,0,Grass,Generation Viii,Inflicts regular damage with no additional effect.,Physical,1,1
Rising Voltage,804,100.0,20,70.0,0,Electric,Generation Viii,Inflicts regular damage with no additional effect.,Special,1,1
Terrain Pulse,805,100.0,10,50.0,0,Normal,Generation Viii,Inflicts regular damage with no additional effect.,Special,1,1
Skitter Smack,806,90.0,10,70.0,0,Bug,Generation Viii,Inflicts regular damage with no additional effect.,Physical,1,1
Burning Jealousy,807,100.0,5,70.0,0,Fire,Generation Viii,Inflicts regular damage with no additional effect.,Special,1,1
Lash Out,808,100.0,5,75.0,0,Dark,Generation Viii,Inflicts regular damage with no additional effect.,Physical,1,1
Poltergeist,809,90.0,5,110.0,0,Ghost,Generation Viii,Inflicts regular damage with no additional effect.,Physical,1,1
Corrosive Gas,810,100.0,40,,0,Poison,Generation Viii,Inflicts regular damage with no additional effect.,Status,1,1
Coaching,811,,10,,0,Fighting,Generation Viii,Inflicts regular damage with no additional effect.,Status,1,1
Flip Turn,812,100.0,20,60.0,0,Water,Generation Viii,Inflicts regular damage with no additional effect.,Physical,1,1
Triple Axel,813,90.0,10,20.0,0,Ice,Generation Viii,Inflicts regular damage with no additional effect.,Physical,1,3
Dual Wingbeat,814,90.0,10,40.0,0,Flying,Generation Viii,Inflicts regular damage with no additional effect.,Physical,2,2
Scorching Sands,815,100.0,10,70.0,0,Ground,Generation Viii,Inflicts regular damage with no additional effect.,Special,1,1
Jungle Healing,816,,10,,0,Grass,Generation Viii,Inflicts regular damage with no additional effect.,Status,1,1
Wicked Blow,817,100.0,5,80.0,0,Dark,Generation Viii,Inflicts regular damage with no additional effect.,Physical,1,1
Surging Strikes,818,100.0,5,25.0,0,Water,Generation Viii,Inflicts regular damage with no additional effect.,Physical,3,3
Thunder Cage,819,90.0,15,80.0,0,Electric,Generation Viii,Inflicts regular damage with no additional effect.,Special,1,1
Dragon Energy,820,100.0,5,150.0,0,Dragon,Generation Viii,Inflicts regular damage with no additional effect.,Special,1,1
Freezing Glare,821,100.0,10,90.0,0,Psychic,Generation Viii,Inflicts regular damage with no additional effect.,Special,1,1
Fiery Wrath,822,100.0,10,90.0,0,Dark,Generation Viii,Inflicts regular damage with no additional effect.,Special,1,1
Thunderous Kick,823,100.0,10,90.0,0,Fighting,Generation Viii,Inflicts regular damage with no additional effect.,Physical,1,1
Glacial Lance,824,100.0,5,130.0,0,Ice,Generation Viii,Inflicts regular damage with no additional effect.,Physical,1,1
Astral Barrage,825,100.0,5,120.0,0,Ghost,Generation Viii,Inflicts regular damage with no additional effect.,Special,1,1
Eerie Spell,826,100.0,5,80.0,0,Psychic,Generation Viii,Inflicts regular damage with no additional effect.,Special,1,1
